Timestamp,Data
2025-01-07T14:50:08.095004,,7:0,10:0,9:0,7:4,-10:4,-4:4,-8:4,3:4,9:0,10:0,8:0,11:0,-12:4,-6:4,-5:4,0:4,4:4,8:0,9:0,7:4,-7:4,-8:4,-2:4,2:4,8:0,8:0,11:0,7:4,-9:4,-4:4,1:4,5:0,8:0,11:0,14:0,10:0,-7:4,0:4,5:0,6:0,9:0,11:0,13:0,9:0,
2025-01-07T14:50:08.109082,-3:4,0:4,-1:4,4:0,9:0,11:0,9:0,8:0,-4:4,0:4,0:4,3:4,10:0,9:0,8:4,6:4,-5:4,-7:4,-2:4,0:4,6:0,9:0,9:0,6:4,-10:4,-8:4,-8:4,3:4,9:0,8:0,8:4,10:0,-12:4,-10:4,-5:4,0:4,3:4,8:0,9:0,8:4,-7:4,-8:4,-3:4,2:4,7:0,8:0,9:0,7:4,-10:4,-4:4,1:4,4:0,8:0,10:0,13:0,11:0,-8:4,0:4,5:0,6:0,8:0,11:0,14:0,10:0,
2025-01-07T14:50:08.119227,-3:4,0:4,0:4,5:0,9:0,11:0,9:0,8:0,-3:4,0:4,0:4,4:0,10:0,10:0,9:0,5:4,-5:4,-7:4,-2:4,1:4,6:0,9:0,8:4,7:4,-10:4,-4:4,-7:4,3:4,9:0,10:0,8:0,11:0,-12:4,-6:4,-5:4,0:4,4:4,8:0,9:0,8:4,-6:4,-8:4,-2:4,2:4,8:0,8:0,11:0,9:0,-9:4,-4:4,1:4,4:0,8:0,11:0,13:0,10:0,-7:4,0:4,5:0,6:0,9:0,11:0,12:0,10:0,
2025-01-07T14:50:08.124188,-3:4,0:4,0:4,4:0,9:0,11:0,8:0,7:4,-3:4,0:4,-1:4,3:4,10:0,9:0,8:4,6:4,-5:4,-8:4,-3:4,0:4,5:0,9:0,9:0,6:4,-10:4,-8:4,-8:4,3:4,8:0,9:0,7:4,10:0,-12:4,-6:4,-6:4,0:4,4:4,8:0,9:0,8:4,-7:4,-8:4,-2:4,2:4,8:0,8:0,11:0,8:4,-10:4,-4:4,1:4,4:0,7:0,11:0,14:0,10:0,-8:4,-1:4,5:0,7:0,8:0,11:0,14:0,10:0,
2025-01-07T14:50:08.129304,-3:4,0:4,0:4,5:0,10:0,11:0,9:0,8:0,-3:4,0:4,0:4,3:4,10:0,10:0,8:4,6:4,-5:4,-7:4,-2:4,1:4,6:0,9:0,10:0,6:4,-10:4,-4:4,-8:4,3:4,9:0,9:0,8:0,10:0,-12:4,-6:4,-5:4,1:4,4:4,8:0,9:0,8:4,-7:4,-7:4,-2:4,2:4,8:0,9:0,11:0,7:4,-9:4,-4:4,1:4,4:0,8:0,10:0,13:0,11:0,-7:4,0:4,5:0,6:0,9:0,12:0,14:0,10:0,
2025-01-07T14:50:08.150457,-4:4,0:4,-1:4,4:0,8:0,11:0,10:0,8:0,-3:4,0:4,0:4,3:4,10:0,9:0,8:4,6:4,-5:4,-7:4,-3:4,0:4,6:0,9:0,9:0,7:4,-11:4,-7:-3:4,0:4,-2:4,5:0,9:0,11:0,9:0,8:0,-1:4,0:4,0:4,3:4,10:0,10:0,7:4,5:4,-11:4,-9:4,-4:4,1:4,6:0,10:0,9:0,6:4,-10:4,-4:4,-6:4,3:4,9:0,10:0,9:0,10:0,-13:4,-6:4,-5:4,0:4,4:4,8:0,9:0,6:4,-7:4,-10:4,-3:4,2:4,8:0,8:0,10:0,9:4,-10:4,-3:4,2:4,4:0,9:0,10:0,13:0,11:0,-9:4,-1:4,6:0,7:0,8:0,11:0,14:0,10:0,
2025-01-07T14:50:08.242463,-3:4,0:4,-1:4,5:0,10:0,12:0,10:0,8:0,-1:4,0:4,0:4,3:4,10:0,10:0,10:0,7:4,-11:4,-9:4,-3:4,1:4,6:0,9:0,9:0,7:4,-10:4,-4:4,-6:4,4:4,9:0,9:0,9:0,10:0,-13:4,-6:4,-4:4,0:4,5:4,8:0,9:0,8:4,-7:4,-10:4,-2:4,2:4,8:0,8:0,11:0,7:4,-10:4,-3:4,1:4,4:0,8:0,11:0,12:0,11:0,-8:4,0:4,6:0,7:0,9:0,11:0,15:0,10:0,
2025-01-07T14:50:08.341963,-3:4,0:4,-1:4,5:0,9:0,11:0,9:0,7:0,-1:4,0:4,0:4,3:4,10:0,9:0,8:4,5:4,-11:4,-9:4,-4:4,1:4,6:0,10:0,10:0,8:4,-11:4,-4:4,-6:4,4:4,8:0,10:0,8:0,9:0,-13:4,-6:4,-5:4,0:4,4:4,8:0,9:0,8:4,-7:4,-10:4,-3:4,2:4,8:0,9:0,11:0,8:4,-10:4,-3:4,2:4,4:0,8:0,11:0,13:0,11:0,-9:4,-1:4,6:0,7:0,8:0,11:0,14:0,9:0,
2025-01-07T14:50:08.440568,-3:4,0:4,-1:4,5:0,10:0,11:0,10:0,8:0,0:4,0:4,0:4,3:4,10:0,10:0,8:4,6:4,-11:4,-8:4,-3:4,2:4,6:0,10:0,9:0,7:4,-10:4,-3:4,-6:4,4:4,9:0,10:0,8:0,10:0,-13:4,-6:4,-5:4,0:4,5:0,8:0,10:0,8:4,-7:4,-9:4,-2:4,2:4,8:0,9:0,11:0,7:4,-10:4,-3:4,2:4,4:0,9:0,11:0,13:0,12:0,-8:4,-1:4,6:0,7:0,8:0,11:0,14:0,11:0,
2025-01-07T14:50:08.539624,-3:4,0:4,-1:4,5:0,9:0,12:0,9:0,8:0,-1:4,0:4,0:4,2:4,11:0,10:0,9:0,6:4,-11:4,-9:4,-4:4,1:4,6:0,10:0,10:0,7:4,-10:4,-4:4,-7:4,4:4,9:0,9:0,8:4,10:0,-13:4,-6:4,-5:4,0:4,4:4,8:0,9:0,8:4,-7:4,-10:4,-2:4,2:4,8:0,9:0,10:0,7:4,-10:4,-3:4,2:4,4:0,8:0,10:0,15:0,10:0,-9:4,0:4,6:0,7:0,8:0,11:0,14:0,9:0,
2025-01-07T14:50:08.639690,-3:4,0:4,-1:4,5:0,9:0,11:0,10:0,9:0,-1:4,0:4,0:4,3:4,11:0,10:0,8:4,6:4,-11:4,-8:4,-3:4,2:4,7:0,10:0,10:0,7:4,-10:4,-3:4,-6:4,4:4,9:0,9:0,9:0,10:0,-13:4,-6:4,-5:4,0:4,5:0,9:0,9:0,8:4,-7:4,-9:4,-2:4,2:4,8:0,8:0,10:0,7:4,-10:4,-3:4,2:4,5:0,9:0,11:0,13:0,11:0,-8:4,0:4,6:0,7:0,9:0,11:0,14:0,10:0,
2025-01-07T14:50:08.741014,-3:4,0:4,-1:4,5:0,9:0,11:0,9:0,8:0,-1:4,-1:4,0:4,3:4,10:0,10:0,8:4,6:4,-11:4,-8:4,-4:4,1:4,6:0,9:0,8:0,7:4,-10:4,-4:4,-6:4,3:4,9:0,9:0,8:0,10:0,-14:4,-10:4,-5:4,0:4,4:4,8:0,9:0,8:4,-7:4,-10:4,-3:4,2:4,8:0,8:0,10:0,7:4,-10:4,-3:4,2:4,4:4,8:0,10:0,13:0,10:0,-9:4,-1:4,6:0,7:0,8:0,10:0,13:0,10:0,
2025-01-07T14:50:08.838971,-3:4,0:4,-1:4,5:0,9:0,12:0,10:0,9:0,-1:4,0:4,0:4,4:0,10:0,10:0,8:4,6:4,-11:4,-8:4,-4:4,2:4,6:0,10:0,10:0,6:4,-10:4,-4:4,-6:4,4:4,9:0,9:0,9:0,10:0,-13:4,-6:4,-5:4,0:4,5:4,8:0,9:0,8:4,-7:4,-10:4,-2:4,3:4,9:0,9:0,10:0,7:4,-10:4,-3:4,2:4,4:0,9:0,11:0,12:0,10:0,-9:4,0:4,6:0,7:0,9:0,11:0,14:0,10:0,
2025-01-07T14:50:08.944849,-3:4,0:4,-2:4,5:0,9:0,12:0,10:0,8:0,-1:4,-1:4,0:4,3:4,10:0,10:0,8:4,6:4,-11:4,-8:4,-3:4,1:4,6:0,9:0,9:0,7:4,-10:4,-4:4,-7:4,3:4,9:0,9:0,8:0,10:0,-13:4,-6:4,-5:4,0:4,4:4,8:0,9:0,8:4,-7:4,-10:4,-3:4,2:4,8:0,8:0,10:0,7:4,-10:4,-3:4,1:4,4:0,8:0,11:0,12:0,11:0,-9:4,-1:4,6:0,7:0,8:0,11:0,14:0,9:0,
2025-01-07T14:50:09.040035,-3:4,0:4,-1:4,5:0,10:0,11:0,10:0,9:0,-1:4,0:4,0:4,3:4,11:0,9:0,9:0,6:4,-11:4,-8:4,-3:4,2:4,7:0,10:0,9:0,6:4,-10:4,-3:4,-6:4,4:4,9:0,10:0,8:0,11:0,-13:4,-6:4,-5:4,0:4,4:4,8:0,9:0,8:4,-7:4,-10:4,-2:4,2:4,9:0,9:0,11:0,8:4,-9:4,-3:4,2:4,4:0,8:0,11:0,13:0,11:0,-8:4,-1:4,6:0,7:0,8:0,11:0,13:0,10:0,
2025-01-07T14:50:09.146314,-3:4,0:4,-1:4,5:0,10:0,12:0,9:0,8:0,-1:4,-1:4,0:4,3:4,10:0,9:0,8:4,5:4,-11:4,-8:4,-4:4,1:4,6:0,9:0,9:0,6:4,-10:4,-4:4,-6:4,3:4,9:0,9:0,8:0,10:0,-14:4,-6:4,-5:4,0:4,4:4,8:0,10:0,8:4,-7:4,-10:4,-3:4,1:4,8:0,8:0,10:0,9:4,-10:4,-3:4,2:4,4:4,8:0,11:0,13:0,11:0,-9:4,-1:4,6:0,7:0,8:0,11:0,14:0,9:0,
2025-01-07T14:50:09.237918,-3:4,0:4,-2:4,6:0,10:0,11:0,10:0,9:0,-1:4,0:4,0:4,3:4,10:0,10:0,9:0,6:4,-11:4,-8:4,-3:4,1:4,7:0,10:0,10:0,7:4,-10:4,-4:4,-6:4,4:4,9:0,10:0,9:0,11:0,-13:4,-6:4,-5:4,0:4,5:4,9:0,10:0,8:4,-7:4,-9:4,-2:4,2:4,8:0,8:0,11:0,8:4,-10:4,-3:4,1:4,4:0,9:0,12:0,14:0,10:0,-8:4,0:4,6:0,7:0,9:0,11:0,14:0,10:0,
2025-01-07T14:50:09.337273,-3:4,0:4,-1:4,5:0,10:0,11:0,9:0,8:0,-1:4,0:4,0:4,3:4,10:0,9:0,9:0,6:4,-11:4,-8:4,-4:4,1:4,6:0,9:0,9:0,6:4,-10:4,-4:4,-6:4,3:4,9:0,9:0,8:0,10:0,-13:4,-10:4,-5:4,0:4,5:4,8:0,9:0,7:4,-7:4,-10:4,-3:4,2:4,8:0,8:0,10:0,8:4,-10:4,-3:4,2:4,4:4,8:0,10:0,14:0,11:0,-9:4,-1:4,6:0,7:0,8:0,12:0,14:0,9:0,
2025-01-07T14:50:09.440315,-3:4,0:4,-1:4,5:0,10:0,11:0,10:0,9:0,-1:4,0:4,0:4,3:4,10:0,9:0,9:0,5:4,-10:4,-8:4,-3:4,2:4,7:0,10:0,9:0,6:4,-10:4,-4:4,-6:4,4:4,9:0,10:0,9:0,10:0,-13:4,-6:4,-5:4,1:4,5:4,8:0,10:0,8:4,-7:4,-10:4,-2:4,2:4,8:0,9:0,11:0,8:4,-9:4,-3:4,2:4,4:0,9:0,10:0,14:0,11:0,-8:4,0:4,6:0,7:0,9:0,12:0,13:0,10:0,
2025-01-07T14:50:09.534518,-3:4,0:4,-1:4,5:0,9:0,12:0,11:0,8:0,-1:4,-1:4,0:4,3:4,10:0,10:0,8:4,6:4,-11:4,-9:4,-3:4,1:4,6:0,10:0,10:0,7:4,-10:4,-4:4,-6:4,3:4,9:0,10:0,8:0,10:0,-13:4,-6:4,-5:4,0:4,4:4,8:0,9:0,7:4,-7:4,-10:4,-3:4,2:4,8:0,9:0,10:0,8:4,-10:4,-3:4,1:4,3:4,9:0,10:0,13:0,11:0,-9:4,-1:4,5:0,7:0,8:0,11:0,13:0,10:0,
2025-01-07T14:50:09.634864,-3:4,0:4,-1:4,5:0,10:0,11:0,10:0,8:0,-1:4,0:4,0:4,3:4,11:0,10:0,9:0,6:4,-11:4,-8:4,-4:4,2:4,7:0,9:0,10:0,7:4,-10:4,-4:4,-6:4,4:4,9:0,9:0,8:0,11:0,-13:4,-6:4,-5:4,0:4,5:0,8:0,10:0,8:4,-7:4,-9:4,-3:4,2:4,9:0,8:0,11:0,8:4,-10:4,-3:4,2:4,4:0,9:0,12:0,14:0,10:0,-8:4,0:4,6:0,7:0,9:0,11:0,13:0,10:0,
2025-01-07T14:50:09.735306,-3:4,0:4,-2:4,5:0,9:0,11:0,9:0,8:0,-1:4,-1:4,0:4,3:4,10:0,9:0,8:4,5:4,-11:4,-8:4,-4:4,1:4,6:0,10:0,10:0,7:4,-10:4,-4:4,-6:4,3:4,9:0,10:0,8:4,10:0,-13:4,-6:4,-5:4,0:4,4:4,8:0,9:0,7:4,-7:4,-10:4,-3:4,1:4,8:0,8:0,11:0,8:4,-10:4,-3:4,2:4,4:0,8:0,10:0,14:0,9:0,-9:4,-1:4,6:0,7:0,8:0,12:0,13:0,10:0,
2025-01-07T14:50:09.833551,-3:4,0:4,-1:4,6:0,10:0,12:0,9:0,9:0,-1:4,-1:4,0:4,4:0,11:0,10:0,9:0,6:4,-10:4,-8:4,-4:4,1:4,6:0,10:0,9:0,6:4,-10:4,-4:4,-6:4,3:4,10:0,9:0,8:0,11:0,-13:4,-6:4,-5:4,0:4,5:4,8:0,9:0,8:4,-7:4,-10:4,-2:4,2:4,8:0,9:0,11:0,8:4,-10:4,-3:4,2:4,4:0,8:0,11:0,14:0,11:0,-8:4,0:4,6:0,7:0,8:0,11:0,13:0,11:0,
2025-01-07T14:50:09.933924,-3:4,0:4,-1:4,5:0,9:0,12:0,10:0,8:0,-1:4,-1:4,0:4,3:4,10:0,9:0,8:0,7:4,-11:4,-9:4,-4:4,1:4,7:0,9:0,10:0,7:4,-10:4,-7:4,-7:4,3:4,9:0,10:0,8:4,11:0,-13:4,-6:4,-5:4,0:4,4:4,8:0,9:0,7:4,-7:4,-10:4,-3:4,2:4,8:0,9:0,11:0,8:4,-10:4,-4:4,1:4,4:4,8:0,10:0,14:0,10:0,-9:4,-1:4,6:0,7:0,8:0,11:0,14:0,10:0,
2025-01-07T14:50:10.035337,-3:4,0:4,-1:4,5:0,10:0,12:0,10:0,8:0,-1:4,0:4,0:4,4:0,10:0,9:0,9:0,6:4,-11:4,-8:4,-3:4,2:4,7:0,10:0,10:0,6:4,-10:4,-4:4,-6:4,4:4,9:0,10:0,9:0,11:0,-13:4,-6:4,-5:4,0:4,4:4,9:0,10:0,9:4,-7:4,-9:4,-2:4,2:4,8:0,9:0,11:0,7:4,-10:4,-3:4,2:4,4:0,9:0,11:0,14:0,11:0,-8:4,0:4,6:0,7:0,9:0,11:0,13:0,10:0,
2025-01-07T14:50:10.132290,-3:4,0:4,-2:4,5:0,9:0,11:0,10:0,10:0,-1:4,-1:4,0:4,3:4,10:0,9:0,8:4,5:4,-11:4,-9:4,-3:4,1:4,6:0,10:0,9:0,6:4,-10:4,-4:4,-6:4,3:4,9:0,9:0,8:0,9:0,-13:4,-6:4,-5:4,0:4,4:4,8:0,8:0,8:4,-7:4,-10:4,-3:4,1:4,8:0,8:0,11:0,8:4,-10:4,-3:4,2:4,4:0,8:0,11:0,12:0,11:0,-9:4,-1:4,6:0,7:0,8:0,11:0,14:0,11:0,
2025-01-07T14:50:10.232086,-3:4,0:4,-1:4,5:0,9:0,12:0,11:0,8:0,-1:4,0:4,0:4,3:4,10:0,9:0,8:0,6:4,-11:4,-8:4,-3:4,1:4,6:0,10:0,9:0,7:4,-10:4,-4:4,-6:4,4:4,9:0,9:0,8:0,11:0,-13:4,-6:4,-4:4,0:4,5:4,9:0,9:0,8:4,-7:4,-10:4,-2:4,2:4,8:0,9:0,11:0,8:4,-9:4,-3:4,2:4,4:0,9:0,11:0,13:0,11:0,-9:4,0:4,6:0,7:0,9:0,11:0,14:0,10:0,
2025-01-07T14:50:10.331678,-3:4,0:4,-1:4,5:0,9:0,11:0,9:0,8:0,-1:4,0:4,0:4,3:4,11:0,9:0,8:4,7:4,-11:4,-8:4,-4:4,1:4,6:0,10:0,9:0,6:4,-10:4,-4:4,-6:4,4:4,9:0,10:0,8:4,9:0,-13:4,-6:4,-5:4,0:4,4:4,9:0,9:0,7:4,-8:4,-10:4,-3:4,2:4,8:0,8:0,11:0,7:4,-10:4,-3:4,2:4,4:0,8:0,10:0,13:0,11:0,-9:4,0:4,6:0,8:0,8:0,11:0,14:0,10:0,
2025-01-07T14:50:10.431667,-3:4,0:4,-1:4,6:0,10:0,11:0,9:0,8:0,-1:4,0:4,0:4,3:4,10:0,9:0,8:0,6:4,-11:4,-8:4,-4:4,2:4,7:0,9:0,9:0,6:4,-10:4,-4:4,-6:4,4:4,9:0,10:0,9:0,11:0,-13:4,-6:4,-4:4,1:4,4:4,8:0,10:0,8:4,-7:4,-9:4,-2:4,2:4,8:0,9:0,11:0,8:4,-10:4,-3:4,2:4,4:0,9:0,11:0,13:0,11:0,-8:4,0:4,6:0,7:0,8:0,12:0,14:0,10:0,
2025-01-07T14:50:10.530632,-3:4,0:4,-1:4,5:0,9:0,12:0,10:0,8:0,-1:4,0:4,0:4,3:4,10:0,9:0,9:0,5:4,-11:4,-8:4,-3:4,1:4,6:0,10:0,9:0,7:4,-11:4,-4:4,-7:4,4:4,9:0,9:0,8:4,11:0,-13:4,-6:4,-5:4,0:4,4:4,8:0,8:0,8:4,-7:4,-10:4,-3:4,2:4,8:0,9:0,11:0,7:4,-10:4,-3:4,2:4,4:0,8:0,10:0,13:0,11:0,-9:4,-1:4,6:0,7:0,8:0,11:0,14:0,10:0,
2025-01-07T14:50:10.630332,-3:4,0:4,-1:4,5:0,9:0,12:0,11:0,8:0,-1:4,0:4,0:4,3:4,10:0,10:0,9:0,6:4,-11:4,-8:4,-3:4,2:4,7:0,10:0,9:0,7:4,-10:4,-3:4,-6:4,4:4,10:0,9:0,8:0,11:0,-13:4,-6:4,-4:4,0:4,5:0,8:0,9:0,9:4,-7:4,-10:4,-2:4,2:4,8:0,9:0,10:0,8:4,-10:4,-3:4,2:4,4:0,9:0,11:0,13:0,10:0,-8:4,0:4,6:0,8:0,9:0,11:0,14:0,10:0,
2025-01-07T14:50:10.730037,-3:4,0:4,0:4,5:0,10:0,11:0,9:0,8:0,-1:4,-1:4,0:4,6:0,11:0,9:0,8:0,6:4,-6:4,-9:4,-4:4,1:4,6:0,9:0,9:0,7:4,-10:4,-11:4,-6:4,4:4,9:0,9:0,7:4,11:0,-12:4,-6:4,-1:4,0:4,4:4,8:0,9:0,7:4,-7:4,-3:4,-3:4,2:4,8:0,9:0,10:0,6:4,-9:4,-3:4,3:4,4:0,8:0,11:0,14:0,11:0,-8:4,-1:4,6:0,7:0,8:0,10:0,13:0,11:0,
2025-01-07T14:50:10.830823,-2:4,1:4,1:4,5:0,9:0,12:0,11:0,8:0,-3:4,2:4,-1:4,4:0,10:0,11:0,9:0,7:4,-3:4,-5:4,-2:4,4:4,7:0,10:0,11:0,7:4,-8:4,-1:4,0:4,4:0,8:0,10:0,8:0,11:0,-10:4,-10:4,0:4,1:4,4:4,9:0,9:0,8:4,-8:4,-3:4,-3:4,3:4,9:0,11:0,12:0,9:4,-7:4,-3:4,4:0,4:0,8:0,11:0,14:0,11:0,-6:4,2:4,9:0,7:0,9:0,12:0,14:0,12:0,
2025-01-07T14:50:10.928992,-1:4,1:4,1:4,5:0,10:0,12:0,9:0,8:0,0:4,1:4,1:4,5:0,10:0,9:0,8:4,7:4,-5:4,-5:4,-2:4,4:4,6:0,9:0,10:0,6:4,-8:4,-4:4,0:4,4:0,8:0,9:0,9:0,10:0,-11:4,-6:4,1:4,2:4,4:4,9:0,9:0,9:4,-4:4,-4:4,-3:4,1:4,8:0,9:0,12:0,8:4,-8:4,-1:4,4:0,4:0,8:0,10:0,14:0,11:0,-5:4,-1:4,7:0,7:0,10:0,11:0,14:0,10:0,
2025-01-07T14:50:11.027172,-2:4,0:4,3:4,8:0,10:0,13:0,13:0,8:0,-2:4,4:0,1:4,6:0,10:0,11:0,8:0,7:4,-2:4,-4:4,2:4,3:4,6:0,10:0,12:0,6:4,-9:4,1:4,0:4,3:4,8:0,11:0,9:0,12:0,-6:4,-2:4,1:4,2:4,5:0,9:0,10:0,9:4,-5:4,0:4,-1:4,4:0,8:0,10:0,12:0,9:0,-1:4,4:0,3:4,4:0,8:0,11:0,13:0,11:0,-3:4,4:0,7:0,7:0,10:0,12:0,14:0,11:0,
2025-01-07T14:50:11.126570,2:4,0:4,2:4,6:0,11:0,13:0,11:0,8:0,-5:4,4:0,2:4,6:0,9:0,11:0,9:0,6:4,0:4,-4:4,2:4,2:4,6:0,9:0,11:0,7:4,-7:4,0:4,1:4,5:0,8:0,11:0,9:0,11:0,-5:4,-2:4,3:4,1:4,4:4,8:0,10:0,8:4,-2:4,1:4,-2:4,2:4,8:0,9:0,12:0,8:4,0:4,0:4,4:0,4:0,8:0,11:0,15:0,11:0,2:4,3:4,5:0,7:0,9:0,12:0,14:0,10:0,
2025-01-07T14:50:11.225675,2:4,4:0,5:0,8:0,11:0,13:0,14:0,10:0,0:4,10:0,3:4,9:0,10:0,13:0,9:0,10:4,3:0,-1:4,7:0,6:0,7:0,12:0,14:0,9:4,2:4,8:0,3:4,9:0,9:0,14:0,10:0,14:0,3:4,1:4,7:0,5:0,6:0,10:0,13:0,11:0,-1:4,6:0,1:4,8:0,8:0,13:0,12:0,14:0,4:0,4:0,6:0,5:0,10:0,12:0,17:0,13:0,1:4,8:0,8:0,12:0,9:0,16:0,15:0,12:0,
2025-01-07T14:50:11.324272,15:0,15:0,17:0,18:0,23:0,23:0,27:0,19:0,11:0,25:0,11:0,25:0,15:0,27:0,17:0,25:0,16:0,11:0,18:0,17:0,20:0,20:0,25:0,16:0,8:0,21:0,11:0,24:0,15:0,29:0,16:0,31:0,14:0,12:0,20:0,16:0,19:0,19:0,24:0,19:0,11:0,21:0,10:0,22:0,15:0,27:0,18:0,29:0,18:0,15:0,21:0,18:0,23:0,22:0,29:0,22:0,9:0,23:0,15:0,25:0,14:0,28:0,21:0,25:0,
2025-01-07T14:50:11.422403,30:0,30:0,32:0,32:0,39:0,40:0,46:0,35:0,25:0,39:0,27:0,43:0,32:0,50:0,34:0,48:0,31:0,26:0,35:0,34:0,38:0,37:4,48:0,39:0,23:0,38:0,27:0,44:4,30:0,50:0,34:0,56:0,29:0,28:0,37:0,34:0,39:0,38:0,45:0,37:0,25:0,37:0,26:0,42:4,31:0,49:0,37:0,53:0,31:0,31:0,37:0,33:0,41:0,38:0,48:0,38:0,24:0,40:0,30:0,43:0,30:0,50:0,37:0,48:0,
2025-01-07T14:50:11.522264,44:0,44:0,52:0,55:0,65:0,66:0,78:0,61:0,38:0,53:0,45:0,61:0,53:0,76:0,63:0,73:0,46:0,44:0,55:0,55:0,68:0,65:0,82:0,67:0,39:0,52:0,45:0,66:0,54:0,74:0,62:0,79:0,46:0,45:0,57:0,55:0,67:0,66:0,78:0,70:0,41:0,52:0,45:0,62:0,53:0,78:0,63:0,78:0,48:0,48:0,58:0,58:0,68:0,67:0,82:0,65:0,39:0,55:0,48:0,68:0,52:0,81:0,68:0,71:0,
2025-01-07T14:50:11.721888,48:0,49:0,56:0,59:0,67:0,72:0,83:0,67:0,46:0,58:0,53:0,65:0,67:0,78:0,77:0,79:0,48:0,49:0,59:0,60:0,69:0,73:0,82:0,78:0,47:0,55:0,57:0,68:0,70:0,81:0,80:0,83:0,48:0,51:0,61:0,62:0,73:0,76:0,84:0,80:0,51:0,57:0,58:0,69:0,70:0,82:0,79:0,83:0,50:0,53:0,61:0,65:0,74:0,77:0,87:0,75:0,50:0,57:0,62:0,70:0,71:0,89:0,81:0,79:0,
2025-01-07T14:50:11.776097,46:0,51:0,55:0,63:0,67:0,77:0,80:0,74:0,51:0,56:0,60:0,65:0,72:0,78:0,88:0,81:0,49:0,50:0,57:0,64:0,69:0,78:0,83:0,81:0,51:0,56:0,61:0,68:0,75:0,81:0,87:0,85:0,48:0,52:0,61:0,68:0,72:0,82:0,83:0,82:0,54:0,57:0,62:0,69:0,76:0,83:0,89:0,83:0,50:0,58:0,62:0,71:0,75:0,86:0,87:0,82:0,52:0,58:0,66:0,71:0,82:0,88:0,92:0,78:0,
2025-01-07T14:50:11.830301,52:0,58:0,65:0,72:0,80:0,91:0,98:0,81:0,53:0,63:0,65:0,75:0,79:0,94:0,96:0,87:0,55:0,61:0,68:0,74:0,83:0,93:0,98:0,92:0,54:0,62:0,66:0,77:0,82:0,98:0,97:0,98:0,54:0,62:0,70:0,76:0,86:0,95:0,93:0,95:0,55:0,63:0,67:0,79:0,83:0,97:0,92:0,98:0,56:0,64:0,69:0,78:0,86:0,98:0,101:0,95:0,55:0,64:0,70:0,80:0,87:0,100:0,101:0,81:0,
2025-01-07T14:50:11.921785,57:0,63:0,70:0,78:0,87:0,99:0,93:0,75:0,57:0,64:0,69:0,78:0,88:0,98:0,100:0,250:4,57:0,64:0,70:0,79:0,89:0,100:0,97:0,81:0,56:0,63:0,70:0,80:0,91:0,100:0,99:0,92:0,56:0,64:0,72:0,80:0,90:0,101:0,99:0,92:0,59:0,63:0,72:0,79:0,91:0,98:0,105:0,88:0,58:0,64:0,70:0,81:0,90:0,100:0,107:0,87:0,57:0,63:0,74:0,79:0,94:0,101:0,111:0,73:0,
2025-01-07T14:50:12.021014,53:0,65:0,68:0,81:0,88:0,100:0,84:0,834:0,59:0,56:0,70:0,69:0,91:0,83:0,92:0,66:0,55:0,64:0,68:0,81:0,86:0,100:0,91:0,271:0,59:0,56:0,72:0,71:0,91:0,84:0,97:0,77:0,53:0,64:0,68:0,81:0,86:0,99:0,90:0,82:0,58:0,54:0,70:0,68:0,91:0,84:0,103:0,81:0,54:0,62:0,66:0,79:0,83:0,99:0,99:0,85:0,56:0,54:0,70:0,68:0,91:0,86:0,108:0,73:0,
2025-01-07T14:50:12.119287,47:0,54:0,62:0,67:0,77:0,80:0,73:0,841:0,50:0,55:0,59:0,69:0,75:0,79:0,78:0,578:0,50:0,53:0,61:0,68:0,76:0,80:0,77:0,71:4,48:0,53:0,58:0,68:0,75:0,80:0,79:0,72:0,47:0,52:0,59:0,66:0,75:0,82:0,79:0,75:0,49:0,52:0,59:0,66:0,74:0,80:0,81:0,73:0,48:0,53:0,57:0,66:0,75:0,82:0,85:0,76:0,46:0,51:0,57:0,65:0,73:0,82:0,85:0,72:0,
2025-01-07T14:50:12.218379,53:0,60:0,68:0,76:0,85:0,85:0,793:4,847:0,52:0,66:0,64:0,80:0,78:0,90:0,73:0,837:4,54:0,59:0,66:0,73:0,85:0,88:0,80:0,268:4,49:0,63:0,61:0,80:0,79:0,92:0,79:0,1678:4,53:0,57:0,65:0,73:0,83:0,88:0,83:0,X:X,50:0,59:0,61:0,74:0,76:0,93:0,83:0,X:X,51:0,57:0,62:0,69:0,79:0,89:0,92:0,77:0,47:0,56:0,59:0,71:0,75:0,93:0,86:0,69:0,
2025-01-07T14:50:12.319692,60:0,71:0,82:0,91:0,100:0,93:0,1010:4,906:0,62:0,66:0,76:0,83:0,94:0,89:0,833:4,1296:4,62:0,66:0,77:0,89:0,99:0,99:0,X:X,152:0,55:0,63:0,72:0,82:0,93:0,96:0,88:0,1784:0,56:0,65:0,72:0,85:0,94:0,100:0,97:0,800:10,56:0,58:0,70:0,77:0,91:0,96:0,100:0,238:10,54:0,62:0,69:0,80:0,91:0,102:0,109:0,832:0,52:0,57:0,69:0,73:0,87:0,96:0,105:0,789:0,
2025-01-07T14:50:12.418922,62:0,67:0,86:0,87:0,101:0,82:0,1057:0,916:0,59:0,75:0,72:0,102:0,88:0,1403:13,888:0,1377:0,62:0,65:0,80:0,84:0,103:0,90:0,279:10,149:0,55:0,73:0,70:0,97:0,88:0,105:0,217:4,1706:0,59:0,61:0,78:0,83:0,104:0,93:0,205:4,786:0,55:0,70:0,66:0,91:0,86:0,107:0,91:0,2103:4,57:0,58:0,72:0,78:0,97:0,96:0,103:0,842:0,50:0,65:0,64:0,88:0,84:0,117:0,99:0,832:0,
2025-01-07T14:50:12.518084,64:0,74:0,90:0,96:0,103:0,1266:4,1038:0,1224:4,65:0,81:0,86:0,109:0,106:0,1381:0,891:0,1357:0,63:0,71:0,85:0,96:0,109:0,93:0,189:0,X:X,62:0,77:0,83:0,106:0,109:0,110:0,1216:4,1640:0,60:0,67:0,81:0,89:0,110:0,99:0,508:4,1884:4,60:0,71:0,79:0,99:0,106:0,119:0,X:X,2110:0,58:0,63:0,76:0,85:0,102:0,104:0,X:X,906:0,56:0,67:0,75:0,94:0,102:0,131:0,101:0,836:0,
2025-01-07T14:50:12.619013,73:0,84:0,104:0,114:0,1205:13,1213:0,1187:0,1220:0,74:0,88:0,95:0,121:0,115:0,1325:0,869:0,1317:0,72:0,82:0,99:0,114:0,120:0,X:X,1265:4,1462:4,70:0,85:0,94:0,121:0,120:0,113:0,1219:0,1606:0,68:0,77:0,94:0,107:0,125:0,124:0,485:4,1771:0,64:0,78:0,87:0,113:0,118:0,141:0,656:10,2041:0,67:0,72:0,86:0,102:0,117:0,134:0,420:10,793:0,60:0,74:0,82:0,104:0,114:0,152:0,838:0,785:0,
2025-01-07T14:50:12.718809,84:0,100:0,122:0,135:0,1231:0,1204:0,1160:0,1180:0,79:0,100:0,111:0,141:0,117:0,1244:0,944:0,1290:0,81:0,92:0,116:0,132:0,143:0,912:10,1348:0,1419:0,76:0,95:0,107:0,136:0,136:0,861:4,1276:0,1550:0,78:0,86:0,106:0,125:0,144:0,122:0,1212:4,1642:0,72:0,85:0,97:0,125:0,132:0,130:0,736:0,1863:0,73:0,81:0,96:0,113:0,138:0,156:0,959:4,635:0,66:0,80:0,88:0,115:0,129:0,179:0,781:0,589:0,
2025-01-07T14:50:12.818138,89:0,102:0,133:0,139:0,1191:0,1196:0,1152:0,1166:0,83:0,107:0,119:0,151:0,1305:13,1261:0,938:0,1277:0,84:0,96:0,119:0,138:0,150:0,933:0,1352:0,1402:0,82:0,99:0,114:0,147:0,151:0,864:0,1234:0,1556:0,79:0,90:0,113:0,130:0,159:0,140:0,1248:0,1660:0,74:0,90:0,103:0,132:0,148:0,142:0,1907:4,1819:0,76:0,84:0,101:0,120:0,145:0,173:0,1026:0,638:0,71:0,84:0,95:0,119:0,142:0,192:0,422:4,690:4,
2025-01-07T14:50:12.918072,92:0,111:0,136:0,141:0,1167:0,1181:0,1150:0,1188:0,89:0,106:0,128:0,148:0,1267:0,1251:0,1242:4,1284:0,86:0,104:0,125:0,149:0,155:0,923:0,1344:0,1407:0,84:0,98:0,120:0,145:0,160:0,861:0,1341:0,1530:0,82:0,95:0,115:0,142:0,162:0,147:0,1228:0,1664:0,77:0,89:0,109:0,131:0,157:0,174:0,1885:0,1858:0,76:0,88:0,103:0,126:0,147:0,180:0,925:0,648:0,71:0,84:0,99:0,119:0,148:0,191:0,498:0,579:0,
2025-01-07T14:50:13.092722,Sensor initialization...
2025-01-07T14:50:15.683725,124:6,153:6,211:6,1216:6,1228:6,1177:6,X:X,227:6,119:6,158:6,199:6,266:6,1080:6,1280:6,1276:6,213:6,124:6,152:6,210:6,276:6,918:6,1392:6,1435:6,205:6,120:6,155:6,199:6,277:6,281:6,1536:6,1616:6,188:6,122:6,148:6,201:6,278:6,252:6,1768:6,1748:6,X:X,114:6,148:6,188:6,287:6,477:6,1986:6,X:X,X:X,115:6,141:6,186:6,263:6,529:6,2177:6,646:6,585:6,111:6,142:6,181:6,256:6,X:X,660:6,576:6,553:6,
2025-01-07T14:50:15.790955,124:0,159:0,212:0,1209:0,1226:0,1190:0,X:X,225:0,126:0,161:0,212:0,270:0,1046:0,1292:0,1259:0,211:0,127:0,158:0,216:0,275:0,910:0,1392:0,1462:0,202:0,125:0,157:0,215:0,284:0,291:0,1539:0,1641:0,189:0,123:0,156:0,206:0,287:0,1272:0,1775:0,1747:0,X:X,120:0,148:0,197:0,292:0,565:0,2043:0,654:10,X:X,117:0,146:0,190:0,275:0,564:0,2164:0,652:0,587:0,113:0,141:0,189:0,256:0,248:10,709:0,586:0,558:0,
2025-01-07T14:50:15.882424,119:0,156:0,207:0,1229:0,1238:0,1197:0,1173:10,222:0,125:0,145:0,210:0,245:0,994:0,1297:0,1315:0,205:0,120:0,154:0,201:0,271:0,903:0,1387:0,1463:0,206:0,125:0,145:0,204:0,255:0,296:0,1308:4,1655:0,X:X,117:0,148:0,194:0,280:0,523:4,1819:0,1670:0,X:X,119:0,136:0,192:0,242:0,601:0,2097:0,644:4,160:10,112:0,140:0,174:0,256:0,500:0,2181:0,653:0,594:0,112:0,127:0,184:0,231:0,515:4,823:0,573:0,559:0,
2025-01-07T14:50:15.981492,106:0,139:0,173:0,1230:0,1243:0,1203:0,1197:0,208:0,113:0,132:0,180:0,219:0,942:0,1321:0,1309:0,X:X,108:0,136:0,167:0,231:0,416:4,1255:0,1473:0,X:X,113:0,127:0,180:0,216:0,264:0,1269:0,1639:0,1676:10,105:0,133:0,160:0,226:0,272:4,1880:0,700:4,X:X,106:0,123:0,165:0,200:0,234:4,2185:0,651:0,620:4,101:0,125:0,151:0,214:0,242:4,1253:4,656:0,598:0,102:0,117:0,157:0,195:0,261:4,782:0,588:0,574:0,
2025-01-07T14:50:16.081677,107:0,132:0,170:0,1263:0,1214:0,1204:0,1192:0,200:0,107:0,132:0,165:0,216:0,964:0,1311:0,1326:0,1346:10,106:0,131:0,168:0,218:0,195:4,1212:0,1468:0,X:X,105:0,128:0,165:0,222:0,257:0,1271:0,1645:0,1625:0,104:0,127:0,158:0,205:0,271:0,1898:0,731:4,X:X,101:0,123:0,154:0,200:0,271:0,2161:0,657:0,629:0,99:0,120:0,147:0,194:0,218:0,1242:0,638:0,603:0,95:0,117:0,146:0,192:0,252:0,807:0,611:0,578:0,
2025-01-07T14:50:16.179671,108:0,132:0,177:0,185:0,1222:0,1205:0,1194:0,201:0,107:0,136:0,170:0,224:0,843:0,1314:0,1329:0,202:4,109:0,133:0,171:0,220:0,718:4,1233:0,1470:0,X:X,107:0,133:0,167:0,235:0,273:0,1288:0,1650:0,X:X,109:0,130:0,166:0,219:0,267:0,1864:0,632:4,X:X,102:0,128:0,154:0,223:0,269:0,2123:0,674:0,649:4,103:0,124:0,154:0,202:0,248:0,1216:0,644:0,623:0,99:0,123:0,149:0,206:0,231:0,808:0,614:0,555:0,
2025-01-07T14:50:16.279494,116:0,141:0,192:0,1212:0,1222:0,1194:0,1183:0,208:0,110:0,151:0,175:0,270:0,911:0,1297:0,1312:0,210:0,118:0,138:0,192:0,240:0,906:0,1253:0,1457:0,X:X,111:0,151:0,172:0,282:0,242:0,1419:0,1650:0,X:X,115:0,137:0,185:0,235:0,500:4,1836:0,687:4,X:X,105:0,146:0,163:0,276:0,229:0,2089:0,668:0,451:4,112:0,130:0,175:0,226:0,454:4,1226:0,656:0,586:0,102:0,142:0,158:0,257:0,248:0,779:0,614:0,550:0,
2025-01-07T14:50:16.379511,138:0,175:0,231:0,1242:0,1236:0,1195:0,234:4,223:0,128:0,192:0,222:0,328:0,986:0,1307:0,1294:0,214:0,143:0,178:0,259:0,317:0,918:0,1422:0,X:X,200:10,129:0,195:0,227:0,358:0,297:0,1605:0,1654:0,197:10,142:0,176:0,253:0,339:0,495:4,1751:0,X:X,X:X,127:0,190:0,208:0,363:0,803:4,649:4,X:X,X:X,139:0,170:0,243:0,317:0,1216:4,660:4,613:0,609:0,120:0,187:0,205:0,325:0,725:4,624:4,574:0,569:0,
2025-01-07T14:50:16.478544,171:0,215:0,1243:4,1229:0,1200:0,X:X,235:0,232:0,154:0,263:0,286:0,1056:4,1305:4,243:4,218:4,222:0,182:0,223:0,340:0,1462:0,1413:4,1415:0,215:10,206:0,160:0,274:0,297:0,328:0,1309:0,X:X,X:X,201:0,187:0,228:0,349:0,330:0,400:4,X:X,199:10,189:10,155:0,280:0,292:0,2146:4,897:4,X:X,X:X,X:X,183:0,223:0,349:0,639:4,672:4,667:0,X:X,559:4,149:0,274:4,280:0,727:4,740:0,581:0,567:0,591:0,
2025-01-07T14:50:16.579436,227:0,X:X,1138:0,1215:0,X:X,246:10,250:0,248:0,210:0,353:0,351:0,1005:0,1321:0,240:0,228:0,243:0,259:0,321:0,923:4,1337:0,X:X,225:4,225:0,219:0,224:0,385:0,384:0,X:X,1615:4,219:10,205:10,217:0,277:0,344:0,1290:4,1813:4,X:X,209:10,203:0,202:0,225:0,428:0,396:0,X:X,X:X,X:X,X:X,218:10,283:0,352:0,1203:4,661:0,612:4,X:X,X:X,X:X,220:0,392:0,392:0,472:4,618:0,399:4,417:0,2232:4,
2025-01-07T14:50:16.679708,265:0,364:10,1213:0,1173:0,266:10,265:0,271:0,272:0,268:0,347:4,1310:0,X:X,254:4,256:0,244:0,266:0,343:0,368:0,1371:4,X:X,238:10,238:0,247:0,242:0,305:0,339:0,352:0,234:10,231:4,236:0,221:0,238:0,384:0,488:4,X:X,X:X,216:10,214:0,219:0,220:0,340:0,2000:4,2021:4,214:10,229:10,212:10,212:10,215:0,414:0,1204:4,180:4,192:0,X:X,X:X,X:X,X:X,353:0,379:4,433:0,457:0,409:4,X:X,X:X,2459:4,
2025-01-07T14:50:16.777065,384:0,356:4,1216:0,274:4,274:0,277:0,294:0,289:0,351:0,1039:0,1280:0,254:10,254:0,266:0,261:0,283:0,379:0,914:4,X:X,243:10,247:0,249:0,260:0,256:0,390:0,X:X,X:X,234:0,230:0,242:0,235:0,255:0,341:4,1291:4,222:10,218:10,223:0,226:0,231:0,231:0,355:4,X:X,X:X,216:0,214:0,218:0,214:0,227:0,1263:4,189:4,X:X,X:X,X:X,X:X,240:10,228:10,417:4,408:4,448:4,592:4,453:4,2415:10,2380:10,X:X,
2025-01-07T14:50:16.875830,373:0,1226:0,262:4,270:0,279:0,284:0,305:0,307:0,397:0,260:4,262:4,259:0,260:0,277:0,278:0,300:0,890:0,X:X,239:10,244:0,252:0,259:0,269:0,272:0,314:4,225:10,230:10,241:0,240:0,250:0,248:0,269:0,X:X,230:4,219:0,223:0,232:0,236:0,243:0,242:0,X:X,231:10,221:10,222:0,219:0,231:0,224:0,244:0,199:4,X:X,X:X,X:X,X:X,X:X,232:0,232:0,423:4,387:4,401:4,X:X,X:X,2524:0,2482:0,X:X,
2025-01-07T14:50:16.976452,X:X,260:0,269:0,280:0,295:0,309:0,334:0,341:0,990:4,253:0,254:0,271:0,275:0,303:0,299:0,334:0,235:4,240:10,251:0,259:0,268:0,276:0,291:0,303:0,247:0,234:0,237:0,256:0,250:0,272:0,269:0,300:0,215:10,220:0,231:0,236:0,247:0,253:0,265:0,270:0,X:X,223:0,223:0,235:0,229:0,251:0,242:0,270:0,X:X,X:X,X:X,X:X,247:10,238:10,243:0,246:0,442:0,312:4,X:X,2442:10,2439:10,X:X,X:X,248:10,
2025-01-07T14:50:17.075471,251:10,265:0,287:0,297:0,318:0,334:0,370:0,358:0,241:4,259:0,262:0,287:0,292:0,324:0,327:0,351:0,239:0,250:0,263:0,272:0,290:0,298:0,325:0,334:0,228:0,243:0,247:0,271:0,267:0,290:0,288:0,328:0,223:0,230:0,246:0,253:0,265:0,273:0,286:0,296:0,231:10,224:0,227:0,244:0,241:0,265:0,263:0,293:0,X:X,X:X,258:10,243:10,245:0,249:0,263:0,269:0,451:0,2281:4,2337:10,2500:0,X:X,X:X,X:X,271:0,
2025-01-07T14:50:17.175569,260:0,271:0,295:0,305:0,339:0,344:0,361:0,1197:0,247:0,271:0,276:0,302:0,306:0,343:0,347:0,1322:0,246:0,254:0,272:0,279:0,303:0,314:0,347:0,347:0,233:0,259:0,257:0,284:0,280:0,315:0,309:0,317:4,230:0,238:0,255:0,261:0,277:0,284:0,307:0,315:0,227:0,235:0,235:0,261:0,257:0,283:0,279:0,310:0,X:X,X:X,244:0,244:0,253:0,258:0,285:0,282:0,331:4,2335:0,2377:0,X:X,X:X,267:10,267:10,286:0,
2025-01-07T14:50:17.275267,269:0,285:0,308:0,324:0,355:0,371:0,1218:0,1217:0,254:0,279:0,286:0,317:0,326:0,366:0,371:0,1329:0,256:0,266:0,288:0,296:0,321:0,336:0,365:0,1446:0,245:0,264:0,272:0,297:0,302:0,327:0,334:0,1615:0,239:0,251:0,266:0,275:0,293:0,306:0,331:0,1806:4,226:0,244:0,250:0,269:0,276:0,297:0,301:0,1807:0,246:10,242:10,247:0,255:0,265:0,278:0,298:0,1699:4,X:X,2382:0,X:X,X:X,267:10,270:0,281:0,1610:0,
2025-01-07T14:50:17.374966,277:0,294:0,319:0,343:0,376:0,394:0,1214:0,1223:0,264:0,286:0,299:0,323:0,342:0,385:0,1326:0,1324:0,262:0,275:0,295:0,306:0,336:0,364:0,1419:0,1442:0,250:0,267:0,284:0,300:0,310:0,341:0,343:0,1601:0,246:0,260:0,274:0,285:0,301:0,322:0,330:0,1810:0,232:0,248:0,259:0,278:0,287:0,306:0,320:0,1817:0,239:0,240:0,250:0,261:0,275:0,293:0,308:0,1702:0,2279:10,X:X,X:X,261:10,267:0,279:0,289:0,1609:0,
2025-01-07T14:50:17.474515,277:0,301:0,320:0,342:0,378:0,398:0,1200:0,1216:0,266:0,286:0,302:0,326:0,347:0,380:0,1316:0,1319:0,262:0,278:0,299:0,308:0,335:0,363:0,1431:0,1432:0,255:0,267:0,284:0,301:0,322:0,342:0,348:0,1580:0,244:0,258:0,276:0,290:0,308:0,321:0,340:0,1786:0,230:0,246:0,262:0,278:0,290:0,308:0,323:0,1818:0,233:0,239:0,251:0,262:0,275:0,290:0,312:0,1713:0,X:X,2393:10,X:X,261:0,260:0,279:0,294:0,1611:0,
2025-01-07T14:50:17.574556,276:0,300:0,328:0,348:0,377:0,408:0,1211:0,1211:0,269:0,294:0,303:0,340:0,352:0,382:0,1303:0,1315:0,264:0,280:0,299:0,317:0,343:0,371:0,1430:0,1433:0,259:0,275:0,288:0,308:0,318:0,356:0,361:4,1599:0,251:0,262:0,282:0,293:0,313:0,336:0,332:4,1781:0,234:0,253:0,265:0,289:0,293:0,323:0,328:0,1795:0,232:0,242:0,256:0,268:0,283:0,295:0,322:0,1719:0,2251:10,X:X,261:10,264:0,267:0,285:0,296:0,1609:0,
2025-01-07T14:50:17.675455,280:0,302:0,340:0,360:0,415:0,1215:0,1224:0,1229:0,272:0,297:0,313:0,344:0,372:0,1332:0,1318:0,1345:0,269:0,285:0,308:0,325:0,362:0,381:0,1456:0,1455:0,262:0,281:0,295:0,319:0,334:0,353:0,1596:0,1669:0,254:0,267:0,287:0,304:0,326:0,346:0,1819:0,1797:0,237:0,258:0,270:0,293:0,302:0,330:0,1898:0,1739:0,239:0,244:0,258:0,274:0,292:0,312:0,1784:0,1667:0,2268:0,2485:10,261:0,268:0,276:0,301:0,1674:0,1560:0,
2025-01-07T14:50:17.773466,283:0,320:0,341:0,381:0,407:0,1243:0,1262:0,1260:0,276:0,297:0,323:0,366:0,384:0,1373:0,1355:0,1399:0,274:0,291:0,319:0,342:0,378:0,1478:0,1517:0,1507:0,269:0,288:0,304:0,332:0,348:0,1702:4,1640:0,1755:0,264:0,273:0,297:0,313:0,347:0,338:4,1882:0,1804:0,245:0,266:0,281:0,306:0,313:0,1916:0,1871:0,1674:0,245:0,252:0,272:0,290:0,311:0,325:4,1716:0,1619:0,X:X,2301:0,270:0,285:0,289:0,1687:4,1655:0,1515:0,
2025-01-07T14:50:17.873293,278:0,314:0,349:0,383:0,1286:0,1276:0,1299:0,1309:0,277:0,304:0,329:0,367:0,382:0,1433:4,1405:0,1464:0,275:0,298:0,321:0,355:0,365:4,1560:0,1595:0,1606:0,268:0,290:0,312:0,340:0,361:0,1813:0,1772:0,1788:0,262:0,281:0,301:0,323:0,333:4,1952:0,1849:0,1743:0,248:0,270:0,286:0,314:0,329:0,1858:0,1779:0,1628:0,X:X,262:0,280:0,302:0,312:4,1768:0,1653:0,1566:0,2490:10,2229:0,X:X,303:0,303:0,1651:0,1591:0,1476:0,
2025-01-07T14:50:17.975054,296:0,327:0,380:0,407:0,1296:0,1301:0,1325:0,1329:0,287:0,324:0,338:0,395:0,1425:0,1455:0,1444:0,1521:0,288:0,304:0,344:0,372:0,1580:0,1592:0,1636:0,1656:0,273:0,307:0,318:0,364:0,1808:0,1852:0,1831:0,1770:0,270:0,288:0,317:0,337:0,2007:0,1935:0,1799:0,1703:0,259:0,282:0,297:0,333:0,1941:0,1812:0,1723:0,1599:0,259:10,270:0,293:0,311:0,1810:0,1721:0,1614:0,1532:0,2444:0,2175:0,310:10,308:0,356:4,1621:0,1559:0,1459:0,
2025-01-07T14:50:18.072423,298:0,327:0,364:0,402:0,1315:0,1322:0,1350:0,1369:0,290:0,320:0,353:0,390:0,1449:0,1492:0,1478:0,1552:0,285:0,313:0,342:0,370:0,1624:0,1637:0,1701:0,1719:0,284:0,308:0,340:0,351:0,1822:0,1891:0,1843:0,1739:0,271:0,292:0,316:0,344:0,2003:0,1907:0,1777:0,1671:0,263:0,282:0,304:0,323:0,1911:0,1795:0,1699:0,1584:0,271:0,273:0,293:0,317:0,1805:0,1706:0,1608:0,1519:0,2365:0,2109:0,301:4,320:4,1708:0,1610:0,1527:0,1443:0,
2025-01-07T14:50:18.172558,316:0,342:0,402:0,1317:0,1333:0,1349:0,1375:0,1393:0,294:0,353:0,367:0,1458:0,1473:0,1512:0,1509:0,1592:0,297:0,321:0,366:0,1614:0,1652:0,1715:0,1737:0,1749:0,286:0,332:0,338:0,1863:0,1888:0,1886:0,1839:0,1723:0,288:0,305:0,339:0,362:4,1948:0,1864:0,1744:0,1648:0,269:0,310:0,314:0,1912:0,1886:0,1732:0,1671:0,1556:0,274:0,289:0,315:0,1834:0,1745:0,1666:0,1567:0,1497:0,2288:0,316:4,307:4,1706:0,1686:0,1550:0,1510:0,1419:0,
2025-01-07T14:50:18.272253,351:0,390:0,1304:4,335:4,1349:0,1366:0,1390:0,1417:0,320:0,389:0,388:4,1469:0,1495:0,1520:0,1546:0,1614:0,330:0,363:0,1604:4,1636:0,1693:0,1738:0,1781:0,1774:0,306:0,357:4,372:4,1874:0,1920:0,1865:0,1799:0,1719:0,310:0,339:0,398:4,1968:0,1877:0,1807:0,1719:0,1644:0,288:0,361:4,371:4,1834:0,1807:0,1685:0,1633:0,1554:0,295:0,301:0,1811:4,1761:0,1674:0,1608:0,1531:0,1469:0,308:4,1740:0,1756:0,1633:0,1611:0,1515:0,1474:0,1408:0,
2025-01-07T14:50:18.370803,372:0,416:0,1305:0,1327:0,1348:0,1375:0,1403:0,1420:0,348:0,1425:0,418:4,1479:0,1498:0,1542:0,1538:0,1633:0,356:0,1575:0,1613:0,1637:0,1684:0,1747:0,1785:0,1782:0,336:0,1778:0,1845:0,1888:0,1907:0,1866:0,1787:0,1729:0,331:0,1992:4,1977:0,1921:0,1858:0,1772:0,1718:0,1643:0,315:0,1925:0,1891:0,1800:0,1759:0,1679:0,1630:0,1560:0,332:4,1828:0,1756:0,1711:0,1635:0,1587:0,1524:0,1494:0,314:4,1707:0,1686:0,1601:0,1559:0,1496:0,1454:0,1420:0,
2025-01-07T14:50:18.471210,350:0,425:0,1301:0,1328:0,1350:0,1377:0,1406:0,1425:0,365:0,365:0,1445:0,1468:0,1518:0,1535:0,1566:0,1603:0,334:0,1566:0,1596:0,1639:0,1678:0,1750:0,1766:0,1790:0,346:0,342:0,1862:0,1881:0,1907:0,1876:0,1798:0,1710:0,318:0,1999:0,2009:0,1922:0,1869:0,1775:0,1705:0,1635:0,321:0,318:0,1879:0,1889:0,1732:0,1712:0,1620:0,1546:0,296:0,1834:0,1811:0,1713:0,1665:0,1591:0,1532:0,1470:0,317:4,315:4,1658:0,1680:0,1549:0,1533:0,1452:0,1405:0,
2025-01-07T14:50:18.570933,288:0,348:0,354:4,1325:0,1338:0,1371:0,1383:0,1424:0,319:0,293:0,386:0,340:4,1503:0,1527:0,1557:0,1582:0,281:0,323:0,332:4,1629:0,1679:0,1740:0,1752:0,1764:0,303:0,282:0,354:4,316:4,1922:0,1962:0,1806:0,1744:0,268:0,305:0,307:0,2032:0,2001:0,1847:0,1762:0,1630:0,280:0,271:0,333:0,297:0,1817:0,1834:0,1637:0,1598:0,X:X,290:0,292:4,1828:0,1797:0,1657:0,1603:0,1492:0,317:4,325:4,1792:0,334:4,1631:0,1682:0,1482:0,1491:0,
2025-01-07T14:50:18.668456,254:0,288:0,293:0,1713:0,334:4,1398:0,1425:0,1462:0,268:0,255:0,304:0,278:0,347:4,311:0,1593:0,1600:0,250:0,275:0,272:0,306:4,305:4,344:0,1831:0,1791:0,257:0,239:0,290:0,263:0,325:0,289:0,1884:0,314:0,245:0,258:0,259:0,283:0,287:0,312:0,306:0,1688:0,X:X,2442:4,270:0,X:X,302:0,283:0,1735:0,288:0,2323:10,2549:4,309:4,321:4,2141:4,303:4,1741:0,1572:0,2935:4,3501:4,2281:4,2557:4,1889:4,2013:4,1618:0,1646:0,
2025-01-07T14:50:18.769615,244:0,256:0,267:0,279:0,292:0,313:0,327:0,1399:0,236:0,242:0,261:0,259:0,283:0,278:0,316:0,302:0,233:0,245:0,255:0,268:0,271:0,286:0,295:0,321:4,229:0,227:0,252:0,243:0,267:0,257:0,291:0,278:0,260:0,255:0,248:0,255:0,256:0,265:0,269:0,290:0,X:X,X:X,X:X,2517:10,X:X,X:X,285:0,X:X,435:0,2363:0,2421:4,2631:4,2623:4,2169:4,1982:4,1747:0,438:0,424:4,3159:4,3138:4,2341:4,2334:4,1863:4,1836:0,
2025-01-07T14:50:18.866474,230:0,237:0,246:0,256:0,263:0,271:0,281:0,292:4,224:0,228:0,242:0,244:0,254:0,256:0,273:0,269:0,217:0,222:0,230:0,236:0,246:0,251:0,257:0,270:0,231:0,227:0,233:0,231:0,241:0,237:0,251:0,248:0,182:0,X:X,X:X,X:X,X:X,260:0,254:0,251:0,371:10,X:X,X:X,2505:0,2611:10,2650:10,2315:4,2115:10,429:0,425:4,599:4,2422:4,2526:0,2600:4,2303:4,2002:4,577:0,579:0,355:4,451:4,2885:4,2750:4,2151:4,2037:4,
2025-01-07T14:50:18.965619,229:0,227:0,228:0,235:0,242:0,249:0,255:0,262:0,218:0,217:0,226:0,227:0,241:0,234:0,254:0,250:0,218:0,213:0,217:0,221:0,226:0,232:0,233:0,240:0,X:X,X:X,241:0,X:X,234:0,241:0,236:0,237:0,278:0,X:X,X:X,X:X,X:X,2791:4,X:X,X:X,403:4,461:0,654:10,367:4,2505:0,2554:0,2611:4,2275:0,624:0,571:0,611:0,349:4,306:4,2588:0,2558:4,2204:4,585:0,583:0,595:0,575:0,400:4,2800:0,2447:4,2178:0,
2025-01-07T14:50:19.064698,352:0,228:0,215:0,223:0,222:0,233:0,232:0,247:0,X:X,X:X,218:0,213:0,226:0,217:0,236:0,226:0,X:X,229:0,231:0,217:0,220:0,216:0,219:0,227:0,222:10,174:10,X:X,X:X,X:X,X:X,241:0,X:X,556:4,698:10,410:10,X:X,702:10,2497:4,2581:10,2515:10,414:4,447:4,480:0,449:4,2499:0,2418:0,2602:0,311:4,831:4,607:0,598:0,575:0,508:4,307:4,2897:4,2381:0,597:0,603:0,580:0,584:0,335:4,405:4,2604:0,2506:4,
2025-01-07T14:50:19.167306,404:0,X:X,239:0,218:0,219:0,221:0,223:0,231:0,344:10,347:10,210:0,216:0,215:0,207:0,220:0,214:0,456:10,X:X,X:X,231:0,234:0,224:0,221:0,222:0,779:4,315:4,202:10,662:10,X:X,X:X,X:X,X:X,493:0,686:0,695:0,376:10,616:4,2587:0,2456:0,2571:0,571:0,582:0,651:0,648:0,450:0,430:0,2467:0,2390:0,724:0,616:0,627:0,603:0,615:0,421:4,365:4,2554:0,646:0,676:0,581:0,589:0,585:4,577:0,2979:4,2828:4,
2025-01-07T14:50:19.264541,264:0,414:10,878:4,X:X,225:0,213:0,210:0,220:0,341:0,345:0,1264:4,1259:4,208:0,203:0,204:0,202:0,293:0,463:10,319:10,X:X,X:X,240:0,219:0,222:0,375:4,382:0,2079:4,558:4,580:10,X:X,X:X,X:X,311:0,499:0,760:0,707:4,450:0,387:0,674:4,2403:0,398:0,412:0,489:0,342:4,610:0,426:4,314:4,2278:0,801:0,680:0,865:4,625:0,612:0,598:0,420:4,3118:4,449:0,659:0,644:0,626:0,569:0,566:0,568:4,573:4,
2025-01-07T14:50:19.363675,211:0,308:0,414:4,1306:10,X:X,215:0,207:0,215:0,247:0,320:0,354:4,1279:0,X:X,207:0,201:0,199:0,232:0,334:0,457:0,1286:10,X:X,X:X,221:0,218:0,267:0,340:0,331:4,2037:4,483:4,X:X,X:X,X:X,240:0,353:0,435:0,2300:4,694:4,302:4,614:4,2397:0,265:0,336:0,437:0,341:4,636:0,390:0,432:0,338:4,241:4,342:0,375:0,863:4,634:0,588:0,523:0,357:4,355:0,338:0,640:0,722:0,600:0,568:0,574:0,541:0,
2025-01-07T14:50:19.462594,230:0,321:0,364:0,1286:0,X:X,208:0,205:0,210:0,241:0,323:0,341:0,1277:0,X:X,205:0,198:0,201:0,246:0,348:0,424:0,1837:4,X:X,X:X,X:X,X:X,256:0,351:0,378:4,2056:0,640:4,X:X,X:X,X:X,254:0,358:0,469:0,2295:0,693:0,314:4,589:4,X:X,250:0,340:0,410:0,316:4,405:4,450:0,413:4,558:4,244:0,349:0,709:0,850:0,624:0,590:0,546:0,335:4,241:0,343:0,631:0,832:0,603:0,569:0,565:0,546:0,
2025-01-07T14:50:19.562695,273:0,364:0,897:4,1303:0,221:10,209:0,210:0,214:0,251:0,399:0,347:0,X:X,X:X,208:0,201:0,208:0,298:0,373:0,304:4,1810:0,X:X,X:X,X:X,X:X,263:0,473:0,331:4,X:X,662:4,X:X,X:X,X:X,303:0,399:0,332:4,2287:0,373:4,320:4,358:4,2407:10,259:0,444:0,407:0,396:4,439:4,414:4,358:4,2361:4,291:0,398:0,849:0,737:0,612:0,597:0,606:0,332:4,251:0,593:0,623:0,610:0,595:0,568:0,576:0,375:4,
2025-01-07T14:50:19.661793,410:0,871:4,X:X,232:4,224:0,219:0,231:0,227:0,319:0,X:X,1255:4,218:10,212:10,224:0,211:0,234:0,469:0,339:4,X:X,X:X,222:10,222:10,218:10,217:10,355:0,175:4,2034:4,X:X,X:X,X:X,X:X,X:X,497:0,931:4,704:4,657:0,369:0,321:4,2459:4,2472:0,346:0,625:0,426:0,484:0,477:4,2459:4,642:4,2548:0,536:4,429:4,628:4,614:0,599:0,593:0,3101:4,2854:4,351:0,595:0,731:0,588:0,575:0,456:0,577:0,2380:4,
2025-01-07T14:50:19.761659,225:0,225:4,245:10,240:0,263:0,258:0,290:0,276:0,X:X,239:10,219:4,258:0,227:0,281:0,241:0,310:0,224:4,223:0,234:10,229:10,250:0,238:0,264:0,258:0,713:4,247:0,X:X,251:10,X:X,265:10,249:10,291:10,X:X,307:4,X:X,X:X,X:X,2646:4,265:4,X:X,458:4,314:4,514:0,2682:4,2515:4,X:X,2630:4,X:X,588:0,600:0,336:4,353:4,2669:4,2649:4,2130:4,2044:4,599:0,640:4,589:0,2808:4,X:X,2161:4,2505:4,320:4,
2025-01-07T14:50:19.862450,257:0,271:0,295:0,301:0,348:0,348:0,1350:4,312:4,237:10,280:0,264:0,317:0,290:0,352:0,326:0,1506:4,253:0,256:0,282:0,281:0,312:0,316:0,364:4,1723:4,235:4,270:0,252:10,297:0,270:10,333:0,298:0,1828:4,245:10,251:0,264:10,263:10,291:10,290:4,313:0,1773:10,X:X,258:0,2566:4,276:4,X:X,305:10,287:0,1677:10,2340:4,2437:4,2644:4,2563:0,315:4,1958:4,306:4,306:4,461:0,2583:4,2901:4,2190:4,2255:10,1816:4,1828:4,1555:0,
2025-01-07T14:50:19.961682,279:0,296:0,338:0,341:0,382:0,356:4,1334:0,1348:0,267:0,306:0,302:0,364:0,360:0,1451:0,1477:4,1499:0,270:0,281:0,306:0,319:0,361:0,356:4,1663:0,1687:0,258:0,293:0,289:0,331:0,325:0,1834:0,1880:4,1782:0,259:0,267:0,291:0,297:0,330:0,329:0,1868:0,1740:0,260:10,269:0,266:4,303:0,295:10,1899:0,1795:4,1638:0,X:X,X:X,284:4,292:0,298:0,301:4,1687:0,1585:0,2417:4,2470:0,2407:4,320:4,1952:4,1699:0,1642:0,1504:0,
2025-01-07T14:50:20.063968,302:0,337:0,369:0,404:0,1277:4,1300:0,1315:0,1352:0,289:0,321:0,342:0,391:0,353:4,1410:0,1459:0,1455:0,290:0,303:0,338:0,367:0,361:4,1586:0,1612:0,1662:0,278:0,306:0,319:0,354:0,358:4,1853:0,1846:0,1780:0,271:0,289:0,312:0,329:0,339:4,1960:0,1859:0,1716:0,260:0,281:0,294:0,319:0,326:0,1888:0,1741:0,1643:0,256:10,268:10,285:0,306:0,318:4,1786:4,1662:0,1549:0,2509:0,2366:0,323:4,295:0,329:4,1687:0,1578:0,1485:0,
2025-01-07T14:50:20.161830,318:0,350:0,390:0,426:0,1261:0,1282:0,1297:0,1321:0,301:0,342:0,364:0,408:0,1403:0,1391:0,1431:0,1442:0,303:0,324:0,356:0,385:0,1516:0,1546:0,1586:0,1628:0,293:0,312:0,335:0,372:0,1752:0,1749:0,1802:0,1779:0,285:0,301:0,331:0,351:0,1916:0,1940:0,1845:0,1725:0,268:0,290:0,309:0,341:0,2000:4,1880:0,1747:0,1644:0,263:0,279:0,302:0,315:0,1889:0,1761:0,1641:0,1555:0,X:X,272:4,293:0,303:0,1761:0,1666:0,1563:0,1478:0,
2025-01-07T14:50:20.262597,336:0,374:0,437:0,1232:0,1246:0,1272:0,1291:0,1305:0,309:0,372:0,382:0,1343:4,1378:0,1384:0,1407:0,1442:0,315:0,339:0,390:0,385:4,1492:0,1536:0,1556:0,1582:0,299:0,343:0,348:0,1619:4,1677:0,1725:0,1767:0,1777:0,296:0,317:0,357:0,351:4,1883:0,1904:0,1828:0,1728:0,276:0,309:0,316:0,347:4,2002:0,1846:0,1742:0,1631:0,274:0,288:0,321:0,333:4,1840:0,1740:0,1638:0,1555:0,263:10,287:0,295:0,1810:0,1762:0,1629:0,1558:0,1458:0,
2025-01-07T14:50:20.361415,362:0,413:0,460:0,1225:0,1237:0,1265:0,1286:0,1316:0,338:0,388:0,432:0,1326:0,1366:0,1379:0,1412:0,1435:0,340:0,376:0,404:0,1449:0,1474:0,1527:0,1549:0,1601:0,313:0,351:0,385:0,1593:0,1653:0,1684:0,1758:0,1771:0,308:0,341:0,371:0,1889:0,1865:0,1891:0,1813:0,1721:0,293:0,322:0,345:0,1999:0,1956:0,1845:0,1726:0,1636:0,283:0,307:0,331:0,1952:0,1830:0,1732:0,1627:0,1529:0,272:0,293:0,308:0,1811:0,1726:0,1624:0,1533:0,1461:0,
2025-01-07T14:50:20.460015,337:0,398:0,432:0,1229:0,1246:0,1262:0,1291:0,1314:0,343:0,341:0,428:0,412:0,1360:0,1375:0,1402:0,1424:0,317:0,357:0,382:0,1456:0,1488:0,1510:0,1556:0,1592:0,321:0,320:0,384:0,372:0,1634:0,1675:0,1745:0,1763:0,299:0,329:0,350:0,1946:0,1858:0,1882:0,1829:0,1726:0,292:0,291:0,345:0,336:0,1953:0,1912:0,1725:0,1656:0,273:0,302:0,316:0,1966:0,1870:0,1743:0,1642:0,1540:0,272:0,270:0,311:0,306:0,1729:0,1691:0,1546:0,1488:0,
2025-01-07T14:50:20.559507,278:0,313:0,314:0,364:0,360:0,1259:0,1255:0,1268:0,293:0,270:0,343:0,295:0,1368:0,328:4,1388:0,1396:0,263:0,295:0,294:0,332:0,325:0,1521:0,1527:0,1543:0,282:0,259:0,324:0,279:0,367:0,302:0,1732:0,1757:0,249:0,277:0,277:0,310:0,306:0,340:0,323:0,1808:0,261:0,250:0,293:0,261:0,325:0,281:0,1814:0,294:0,X:X,257:0,262:0,282:0,276:0,305:0,304:0,1635:0,X:X,2430:4,272:0,310:4,299:0,305:4,1624:0,1619:0,
2025-01-07T14:50:20.658392,235:0,254:0,253:0,276:0,269:0,304:0,296:0,336:0,244:0,219:0,271:0,234:0,291:0,247:0,324:0,261:0,222:0,244:0,239:0,261:0,253:0,280:0,269:0,308:0,233:0,221:0,256:0,231:0,277:0,234:0,299:0,240:0,191:0,240:0,244:0,248:0,242:0,262:0,252:0,282:0,X:X,401:0,263:0,618:4,259:0,2585:4,279:0,X:X,530:10,593:4,X:X,2506:4,2548:4,2336:4,2264:4,X:X,455:10,581:4,2555:4,631:4,2401:4,2809:4,1876:4,2093:4,
2025-01-07T14:50:20.757735,323:0,222:0,221:0,223:0,229:0,232:0,239:0,251:0,X:X,242:0,215:0,212:0,225:0,219:0,236:0,228:0,X:X,X:X,231:0,222:0,221:0,223:0,224:0,231:0,489:4,218:0,X:X,X:X,X:X,X:X,231:0,X:X,653:4,399:4,496:4,666:4,648:4,2555:4,2609:4,X:X,500:10,629:4,492:4,642:0,2452:4,2427:0,2630:4,2526:10,657:0,598:0,598:4,613:4,322:4,2671:4,2691:4,2300:10,589:0,598:0,583:4,588:0,X:X,3250:4,2498:4,2365:4,
2025-01-07T14:50:20.857146,340:0,390:0,847:4,218:0,211:0,212:0,215:0,220:0,396:10,352:0,X:X,212:0,210:0,206:0,211:0,211:0,420:10,730:10,173:0,X:X,X:X,X:X,219:0,216:0,507:0,894:4,704:10,622:10,X:X,X:X,X:X,X:X,480:0,426:4,695:0,451:4,466:0,346:4,2446:0,2471:10,511:0,831:4,643:0,613:0,481:0,452:4,2418:4,2412:0,635:0,808:4,634:0,599:0,602:0,485:4,546:4,2648:4,642:0,675:0,583:0,581:0,586:4,601:0,3014:4,344:4,
2025-01-07T14:50:20.956235,210:0,319:0,380:4,1203:4,X:X,210:0,205:0,212:0,329:0,308:0,646:10,302:4,206:0,206:0,206:0,201:0,249:0,376:4,445:4,1998:10,X:X,X:X,X:X,220:0,365:0,352:0,742:0,2207:4,X:X,X:X,X:X,X:X,272:4,451:0,455:4,686:0,401:4,322:4,313:4,2385:0,409:0,393:0,685:0,730:0,480:0,433:0,313:4,532:4,295:4,604:4,814:0,630:0,604:0,597:0,518:0,312:4,571:0,504:0,611:0,616:0,575:0,574:0,523:4,388:4,
2025-01-07T14:50:21.056171,129:0,226:0,210:0,316:4,877:10,1320:4,1315:4,204:0,217:0,129:0,374:4,201:0,X:X,255:0,198:0,1469:4,138:0,248:0,231:4,385:4,1225:10,X:X,1634:10,202:0,239:0,139:4,462:4,231:0,655:10,733:10,X:X,X:X,147:0,263:0,250:4,702:0,654:0,689:0,673:0,635:4,252:0,142:4,438:0,242:0,363:4,585:0,606:0,579:0,150:0,766:0,245:0,840:4,847:4,600:0,596:0,432:0,252:4,363:0,625:0,676:0,598:0,785:4,566:0,290:0,
2025-01-07T14:50:21.156557,87:0,113:0,126:0,170:0,183:4,867:4,1254:0,1288:4,100:0,93:0,145:4,132:0,226:10,145:0,1283:4,1407:0,92:0,116:0,131:0,178:4,194:4,439:10,1723:0,1621:4,105:0,94:0,155:4,133:0,255:4,179:4,1871:10,1863:10,93:0,121:0,131:0,184:4,200:4,571:4,2201:4,649:0,107:0,95:0,393:0,134:0,248:0,159:4,654:4,544:0,93:0,121:0,130:4,189:4,841:0,833:4,829:4,584:0,108:0,96:0,166:4,138:4,603:0,138:4,625:0,647:0,
2025-01-07T14:50:21.256412,59:4,73:0,79:0,97:0,104:0,122:4,1281:0,1235:0,71:0,64:0,94:0,82:0,127:0,99:0,801:4,1247:0,61:4,74:0,80:0,100:0,105:0,120:4,237:4,1236:4,72:0,64:0,97:0,83:0,129:4,102:0,206:4,1673:0,61:4,75:0,81:0,101:0,108:0,120:4,110:4,853:4,72:0,62:0,96:0,81:4,131:0,99:0,456:0,419:0,62:0,75:0,78:4,101:0,104:0,802:0,111:4,793:4,71:0,63:0,98:0,773:4,140:0,104:4,628:0,760:0,
2025-01-07T14:50:21.353933,40:0,48:0,50:0,59:0,61:0,71:0,67:0,1131:0,54:0,50:0,63:0,59:0,81:0,72:0,81:4,59:4,42:0,48:0,50:0,59:0,62:0,72:0,70:0,61:4,52:0,49:0,64:0,61:0,80:0,72:0,82:0,66:4,44:0,48:0,51:0,60:0,64:0,74:0,70:0,67:4,51:0,49:0,62:0,59:0,79:0,73:0,87:4,68:4,43:0,48:0,50:0,61:0,63:0,74:0,74:0,67:4,50:0,50:0,62:0,60:0,80:0,75:0,94:4,64:4,
2025-01-07T14:50:21.451993,46:0,52:0,58:0,64:0,69:0,76:0,71:0,54:0,49:0,54:0,58:0,64:0,72:0,76:0,75:0,57:0,46:0,49:0,55:0,63:0,70:0,76:0,75:0,61:0,47:0,52:0,58:0,65:0,72:0,76:0,78:0,68:0,44:0,50:0,57:0,64:0,70:0,77:0,76:0,72:0,49:0,52:0,57:0,61:0,71:0,76:0,79:0,71:0,47:0,54:0,55:0,64:0,70:0,78:0,79:0,71:0,46:0,51:0,57:0,63:0,72:0,77:0,82:0,67:0,
2025-01-07T14:50:21.551729,47:0,56:0,58:0,68:0,71:0,80:0,72:0,1190:13,50:0,50:0,62:0,60:0,75:0,69:0,77:0,57:0,48:0,55:0,57:0,68:0,69:0,82:0,76:0,66:0,50:0,48:0,59:0,60:0,74:0,71:0,83:0,66:0,45:0,53:0,56:0,68:0,72:0,82:0,79:0,74:0,51:0,47:0,59:0,57:0,74:0,70:0,82:0,64:0,46:0,55:0,55:0,69:0,70:0,83:0,81:0,76:0,49:0,47:0,59:0,59:0,74:0,71:0,82:0,62:0,
2025-01-07T14:50:21.649690,45:0,49:0,57:0,61:0,71:0,73:0,70:0,1167:0,45:0,56:0,53:0,68:0,65:0,77:0,69:0,63:0,47:0,49:0,56:0,61:0,69:0,74:0,76:0,60:0,44:0,53:0,53:0,68:0,65:0,79:0,72:0,71:0,45:0,49:0,56:0,59:0,69:0,72:0,79:0,67:0,44:0,53:0,53:0,63:0,64:0,77:0,73:0,73:0,45:0,49:0,56:0,61:0,70:0,73:0,82:0,67:0,43:0,52:0,53:0,66:0,65:0,82:0,75:0,70:0,
2025-01-07T14:50:21.752499,75:0,69:0,98:0,88:0,131:0,106:0,1189:4,1158:0,53:0,107:0,67:0,145:0,80:0,288:4,83:0,1226:4,77:0,69:0,99:0,89:0,138:0,108:0,865:4,845:4,53:0,108:0,66:0,157:0,82:0,268:4,86:0,1505:4,74:0,70:0,99:0,89:0,140:0,108:0,253:4,272:4,54:0,108:0,63:0,150:0,80:0,281:4,89:0,618:4,76:0,70:0,102:0,89:0,138:4,111:0,408:4,1125:4,51:0,106:0,66:0,147:0,82:0,183:0,95:0,585:0,
2025-01-07T14:50:21.852157,170:0,153:0,248:0,220:0,1207:4,1192:4,252:4,237:4,105:0,317:4,152:0,1303:4,217:0,248:0,1236:4,250:4,192:0,172:0,321:4,276:0,923:4,1351:4,228:4,218:4,111:0,360:4,160:0,1280:4,240:0,229:0,1388:4,228:4,213:0,177:0,346:4,310:4,1267:4,1260:4,209:0,199:0,115:0,396:4,163:0,X:X,263:0,208:0,1992:4,206:4,224:0,194:0,370:4,319:4,X:X,647:4,X:X,X:X,108:0,420:4,167:0,600:4,244:0,450:4,605:4,X:X,
2025-01-07T14:50:21.951458,266:0,356:4,1139:4,X:X,279:4,279:4,282:0,289:0,285:0,397:0,1098:4,X:X,258:0,266:0,261:4,268:0,336:0,391:4,944:4,262:0,254:4,251:4,253:0,259:0,342:4,358:0,872:4,245:4,236:0,246:0,236:4,248:0,377:0,345:0,X:X,228:0,232:4,228:4,232:0,230:0,366:4,573:4,X:X,218:10,212:0,219:0,215:4,224:0,436:4,771:4,X:X,220:0,216:10,213:4,213:10,215:10,414:4,611:4,186:0,208:4,207:0,X:X,X:X,235:10,
2025-01-07T14:50:22.051735,196:0,265:0,258:4,1229:10,294:0,277:0,268:0,279:0,281:0,241:0,1145:0,349:10,265:0,X:X,267:0,248:0,226:0,345:0,368:4,1365:4,1409:4,249:0,243:0,249:0,326:0,277:0,919:0,303:4,242:0,240:0,241:0,226:0,260:0,385:0,389:10,X:X,X:X,227:0,222:0,227:0,370:0,315:4,X:X,2076:4,218:0,212:0,219:0,206:0,279:0,361:4,691:10,X:X,223:0,208:0,203:0,209:0,423:0,342:4,177:0,1315:4,X:X,X:X,X:X,210:0,
2025-01-07T14:50:22.152581,146:0,196:0,227:0,X:X,X:X,1163:4,260:0,263:0,178:0,179:0,266:0,X:X,1308:4,1265:10,249:0,243:0,159:0,218:0,263:0,349:4,929:4,1316:4,246:0,237:0,200:0,196:0,331:4,331:0,1235:4,1299:4,228:0,220:0,176:0,248:0,288:0,373:10,314:10,X:X,216:0,214:0,216:0,216:0,375:10,350:4,1903:4,1731:4,203:0,197:0,184:0,266:0,324:4,511:10,2234:4,X:X,200:0,197:0,232:0,235:0,402:4,529:4,177:10,175:10,X:X,205:0,
2025-01-07T14:50:22.253777,123:0,159:0,190:0,220:10,X:X,1207:0,1128:4,254:0,140:0,150:0,220:0,234:10,320:4,1272:0,1176:4,232:0,135:0,174:0,212:0,300:0,303:4,1346:0,1314:4,226:0,155:0,162:0,250:0,271:0,869:4,1190:0,X:X,209:0,143:0,188:0,230:0,329:0,324:0,1329:10,1567:4,206:0,162:0,168:0,268:0,300:0,1987:0,1936:4,211:0,196:0,149:0,197:0,239:0,345:0,707:4,2079:13,X:X,199:0,170:0,179:0,300:0,308:4,1402:4,1390:4,177:10,189:0,
2025-01-07T14:50:22.348807,120:0,142:0,185:0,217:0,X:X,1189:0,1144:0,233:0,121:0,157:0,181:0,237:0,237:0,1256:0,1223:0,235:0,130:0,152:0,200:0,251:0,302:0,1357:0,1309:0,216:0,130:0,167:0,197:0,289:0,299:4,1223:0,1436:10,214:0,137:0,162:0,214:0,271:0,332:0,1270:0,1601:0,202:0,136:0,175:0,208:0,312:0,521:4,1946:0,X:X,190:0,141:0,168:0,224:0,298:0,617:0,2172:0,X:X,X:X,138:0,183:0,228:0,316:0,581:4,1372:0,178:0,201:0,
2025-01-07T14:50:22.450536,97:0,80:0,330:0,50:4,41:10,1071:0,1267:0,42:4,126:0,74:0,186:0,36:4,1270:13,1307:0,1219:0,47:4,105:0,134:0,53:0,113:0,50:4,946:0,1140:0,61:0,136:0,69:0,202:0,42:4,545:4,1350:0,X:X,47:0,113:0,146:0,104:0,143:0,73:4,1289:13,1592:0,105:0,138:0,101:0,211:0,64:4,596:0,1815:0,X:X,63:4,118:0,146:0,103:0,150:0,740:0,2175:0,X:X,X:X,142:0,106:4,235:0,71:4,573:0,62:4,150:0,58:0,
2025-01-07T14:50:22.549605,31:0,39:0,46:0,46:0,47:0,59:0,56:0,54:0,65:0,1686:0,46:0,46:0,46:4,50:0,48:4,52:0,29:0,42:0,49:0,39:0,48:0,889:0,54:0,50:0,89:0,36:4,44:4,45:0,48:4,56:0,45:10,52:0,38:0,46:0,32:0,41:4,49:0,1486:0,47:0,52:0,95:0,35:0,50:0,38:0,54:4,51:0,48:10,47:0,54:0,48:0,39:0,50:0,46:4,48:4,46:10,57:10,104:0,36:4,75:0,42:0,60:4,41:0,61:4,49:0,
2025-01-07T14:50:22.650949,33:0,37:0,39:0,42:0,35:0,41:0,39:0,47:0,34:4,43:0,46:0,33:0,44:0,33:0,52:0,42:0,36:0,37:0,40:0,41:0,36:0,43:4,46:0,44:0,24:0,38:0,47:0,34:0,45:0,37:0,49:0,41:0,35:0,42:0,39:0,40:0,37:0,49:0,44:0,44:0,25:4,35:0,44:0,34:0,51:0,44:0,48:0,39:0,39:0,43:0,39:0,41:0,44:0,48:0,45:0,45:0,34:0,36:0,30:0,37:0,45:0,41:0,38:0,39:0,
2025-01-07T14:50:22.749787,34:0,37:0,29:0,31:0,29:0,31:0,33:0,38:0,36:0,35:0,33:0,28:0,31:0,30:0,32:0,39:0,38:0,32:0,29:0,29:0,27:0,29:0,34:0,37:0,39:0,31:0,33:0,29:0,33:0,33:0,41:0,39:0,33:0,32:0,28:0,30:0,28:0,32:0,39:0,37:0,37:0,31:0,31:0,31:0,35:0,40:0,41:0,35:0,34:0,33:0,32:0,32:0,34:0,41:0,39:0,38:0,35:0,32:0,35:0,36:0,41:0,36:0,40:0,38:0,
2025-01-07T14:50:22.844855,35:0,33:0,31:0,32:0,37:0,40:0,38:0,37:0,35:0,37:0,29:0,40:0,31:0,40:0,40:0,38:0,34:0,28:0,33:0,32:0,41:0,42:0,38:0,37:0,32:0,35:0,28:0,45:0,34:0,37:0,36:0,39:0,32:0,31:0,37:0,36:0,40:0,37:0,34:0,35:0,33:0,39:0,30:0,41:0,41:0,33:0,35:0,37:0,35:0,36:0,45:0,45:0,36:0,35:0,37:0,38:0,32:0,45:0,37:0,39:0,36:0,35:0,37:0,40:0,
2025-01-07T14:50:22.943107,44:0,38:0,40:0,44:0,50:0,45:0,46:0,42:0,36:0,53:0,39:0,47:0,47:0,53:0,37:0,49:0,44:0,37:0,43:0,48:0,48:0,41:0,44:0,40:0,36:0,49:0,45:0,50:0,41:0,53:0,35:0,51:0,41:0,42:0,51:0,46:0,44:0,38:0,43:0,41:0,40:0,46:0,47:0,51:0,38:0,48:0,36:0,49:0,43:0,47:0,51:0,42:0,44:0,40:0,47:0,47:0,43:0,47:0,46:0,54:0,36:0,48:0,42:0,54:0,
2025-01-07T14:50:23.043382,106:0,53:0,56:0,61:0,67:0,58:0,65:0,64:0,48:0,X:X,54:0,69:0,51:0,72:0,57:0,74:0,109:0,52:0,62:0,59:0,66:0,59:0,68:0,60:0,48:0,X:X,54:0,72:0,54:0,75:0,54:0,77:0,113:0,54:0,61:0,58:0,66:0,58:0,70:0,61:0,49:0,136:0,51:0,X:X,55:0,72:0,54:0,75:0,X:X,57:0,X:X,59:0,65:0,63:0,72:0,62:0,51:0,136:0,54:0,X:X,54:0,84:0,55:0,76:0,
2025-01-07T14:50:23.145054,134:0,103:0,86:0,90:0,92:0,91:0,94:0,90:0,138:4,95:0,82:0,101:0,86:0,100:0,89:0,95:0,159:0,141:0,99:0,93:0,93:0,93:0,97:0,88:0,152:0,126:0,113:0,107:0,88:0,105:0,88:0,98:0,168:0,160:0,115:0,97:0,100:0,96:0,102:0,94:0,157:0,181:0,142:0,115:0,87:0,148:0,87:0,171:0,180:0,179:0,446:4,104:0,120:0,107:0,130:0,118:0,158:0,X:X,159:0,347:4,95:0,332:4,101:0,126:0,
2025-01-07T14:50:23.244066,103:0,104:0,106:0,104:0,102:0,101:0,167:0,126:0,99:0,109:0,104:0,105:0,105:0,180:0,99:0,204:0,110:0,109:0,111:0,109:0,106:0,104:0,192:0,195:0,130:0,119:0,109:0,118:0,110:0,204:0,103:0,213:0,128:0,117:0,119:0,115:0,190:0,179:0,199:0,194:0,195:0,822:4,124:0,188:0,149:0,194:0,182:0,203:0,441:4,133:0,141:0,137:0,156:0,171:0,183:0,180:0,218:0,726:4,310:4,580:4,138:0,X:X,135:0,X:X,
2025-01-07T14:50:23.343391,107:0,110:0,103:0,105:0,209:0,205:0,231:0,215:0,110:0,120:0,106:0,217:0,140:0,224:0,216:0,233:0,161:0,110:0,183:0,183:0,220:0,219:0,225:0,222:0,122:0,X:X,114:0,207:0,207:0,214:0,212:0,219:0,637:4,170:0,194:0,204:0,206:0,209:0,211:0,215:0,161:0,649:4,158:4,618:4,191:0,2422:4,199:0,2530:4,644:4,555:0,621:4,156:0,622:4,170:0,2406:4,X:X,673:4,607:0,629:4,593:0,583:4,X:X,2329:4,2448:4,
2025-01-07T14:50:23.442787,359:4,827:4,X:X,212:0,207:0,219:0,213:0,229:0,314:4,330:4,208:0,X:X,217:0,213:0,221:0,204:0,487:4,X:X,169:0,229:0,X:X,216:0,225:0,215:0,607:4,1275:10,194:0,405:4,X:X,307:4,219:0,2343:4,507:0,682:4,657:4,354:4,362:4,X:X,309:4,2567:4,696:4,467:4,365:4,605:0,608:4,422:4,2503:4,2479:0,687:0,622:0,601:0,552:0,560:0,319:4,3142:4,332:4,703:0,602:0,579:0,571:0,577:0,584:10,2904:4,2577:0,
2025-01-07T14:50:23.543434,295:0,406:4,671:10,X:X,201:0,198:0,197:0,204:0,367:0,449:0,705:4,164:10,X:X,X:X,205:0,223:0,356:0,363:10,353:4,636:4,X:X,X:X,X:X,X:X,453:0,448:0,700:4,690:0,384:10,352:4,313:4,2268:0,439:0,746:0,501:0,572:0,571:0,394:10,301:4,2419:0,613:0,826:0,654:0,617:0,614:0,554:0,553:4,2517:0,568:0,711:0,616:0,593:0,583:0,571:0,360:4,2697:0,772:0,303:4,588:0,556:0,584:0,528:0,3108:4,2835:4,
2025-01-07T14:50:23.641908,337:0,438:0,X:X,X:X,214:0,198:0,198:0,204:0,331:0,415:0,891:0,194:0,X:X,X:X,X:X,233:0,423:0,437:0,2283:0,666:0,339:10,676:10,X:X,X:X,411:0,444:0,581:4,621:0,631:0,411:4,347:4,2394:0,438:0,867:0,576:0,625:0,635:0,499:4,336:4,2407:0,575:0,861:0,644:0,598:0,599:0,604:0,452:4,2935:0,620:0,616:0,602:0,587:0,593:0,563:0,385:4,2728:0,841:0,309:0,585:0,574:0,570:0,571:0,428:4,378:4,
2025-01-07T14:50:23.741286,301:0,411:0,X:X,X:X,215:0,204:0,197:0,201:0,344:0,425:0,2026:4,192:0,X:X,X:X,X:X,231:0,356:0,485:0,2271:0,686:0,362:4,631:4,X:X,X:X,440:0,465:0,584:0,665:0,475:0,475:0,339:4,2346:0,433:0,847:0,702:0,619:0,617:0,467:4,377:4,2388:0,598:0,670:0,635:0,623:0,597:0,600:0,336:4,3106:0,578:0,820:0,609:0,586:0,595:0,549:0,618:4,2650:0,275:0,290:0,587:0,566:0,554:0,545:0,360:4,359:4,
2025-01-07T14:50:23.840922,170:0,275:0,301:10,620:10,1210:4,217:0,198:0,193:0,267:0,186:4,329:4,327:0,187:10,1262:10,X:X,199:0,199:0,322:0,349:4,914:4,2009:4,X:X,X:X,X:X,306:0,210:4,618:4,368:4,410:4,688:4,327:4,618:4,221:4,370:0,398:4,655:0,355:4,412:4,623:0,544:4,361:4,230:4,875:4,697:0,589:0,613:0,515:0,585:4,231:4,429:0,620:0,631:0,621:0,570:0,575:0,406:4,318:0,244:0,606:0,626:0,552:0,571:0,450:0,349:0,
2025-01-07T14:50:23.941811,82:0,116:0,114:0,171:4,172:4,220:0,839:4,1282:4,121:0,87:0,183:0,122:4,307:0,164:4,1502:10,1236:4,89:0,125:0,124:4,190:4,182:4,403:10,1224:10,1627:10,131:0,94:0,208:0,130:4,298:0,180:4,673:0,1928:4,94:0,134:4,131:4,210:0,519:4,657:0,641:0,647:0,140:4,98:0,228:0,138:4,755:0,155:4,604:0,567:0,98:0,576:4,138:4,228:4,200:4,843:4,829:4,572:0,148:0,104:0,649:0,151:4,651:0,606:0,569:0,594:0,
2025-01-07T14:50:24.040604,55:0,75:0,73:0,101:0,96:0,133:0,101:4,1190:0,72:0,55:0,96:0,69:0,135:0,87:0,127:4,75:4,59:0,78:0,75:0,105:0,100:0,135:4,111:4,1728:0,76:0,56:0,104:4,73:0,139:0,90:0,211:4,83:4,61:0,81:0,78:0,111:0,102:4,140:4,110:4,663:0,79:0,58:0,107:0,74:0,786:4,88:0,632:0,X:X,62:0,84:4,80:0,112:4,804:0,773:0,779:0,803:4,82:0,61:0,745:0,79:4,165:4,97:4,660:0,630:0,
2025-01-07T14:50:24.140103,42:0,50:0,52:0,63:0,65:0,79:0,74:0,65:4,48:0,43:0,57:0,49:0,74:0,58:0,86:0,55:0,45:0,54:0,53:0,65:0,67:0,80:0,77:0,74:4,49:0,42:0,59:0,51:0,76:0,59:0,83:0,61:0,46:0,53:0,55:0,67:0,68:0,83:0,75:0,76:4,50:0,42:0,61:0,50:0,78:0,60:0,83:4,56:10,46:0,55:0,55:0,69:0,69:0,85:0,78:0,780:0,51:0,43:0,64:0,53:0,82:0,63:0,92:4,51:4,
2025-01-07T14:50:24.237560,33:0,34:0,38:0,38:0,46:0,46:4,52:0,41:0,34:0,38:0,37:0,43:0,45:0,46:0,51:0,44:0,35:0,34:0,38:0,40:0,45:0,47:0,52:0,47:0,33:0,36:0,39:0,42:0,45:0,47:0,51:0,49:0,32:0,35:0,40:0,41:0,47:4,48:0,52:0,48:0,35:0,35:0,40:0,41:0,46:0,47:0,52:0,48:0,34:0,37:0,40:0,42:0,47:0,49:0,54:0,46:0,34:4,36:0,40:0,41:0,48:4,49:0,54:0,41:0,
2025-01-07T14:50:24.342447,6:0,18:0,7:0,22:0,10:0,25:0,12:0,21:0,28:0,4:0,32:0,4:4,37:0,7:0,881:4,4:4,8:0,16:0,8:0,22:0,9:0,26:0,12:0,23:0,26:0,2:4,33:0,5:0,39:0,9:0,738:4,7:4,6:0,18:0,10:0,23:0,10:0,25:0,11:0,25:0,28:0,4:0,30:0,1:4,36:0,7:4,831:4,6:4,9:0,20:0,11:0,23:0,11:0,25:0,943:0,24:0,28:0,6:0,35:0,9:0,35:0,10:0,X:X,5:4,
2025-01-07T14:50:24.437751,-1:4,0:4,0:4,5:0,9:0,12:0,9:0,6:4,-1:4,2:4,3:4,4:0,9:4,10:0,7:4,5:4,-5:4,-4:4,-1:4,4:0,6:0,9:0,9:4,6:4,-6:4,-2:4,4:0,3:4,8:0,10:0,8:4,10:0,-8:4,-4:4,3:4,2:4,4:4,8:0,9:0,7:4,-2:4,0:4,2:4,1:4,9:0,9:0,9:0,8:4,-5:4,1:4,3:4,4:4,8:0,10:0,13:0,8:4,1:4,4:0,9:0,7:0,9:0,11:0,11:0,10:0,
2025-01-07T14:50:24.540640,-1:4,1:4,2:4,6:0,10:0,12:0,9:0,8:0,-3:4,1:4,3:4,5:0,10:0,11:0,9:0,6:4,-4:4,-3:4,0:4,4:0,6:0,10:0,10:0,7:4,-5:4,-2:4,2:4,5:0,8:0,10:0,9:0,11:0,-7:4,-3:4,5:0,3:4,5:4,9:0,10:0,8:4,-2:4,1:4,2:4,4:4,10:0,9:0,12:0,8:4,-4:4,5:0,2:4,4:0,9:0,10:0,13:0,12:0,-1:4,4:0,7:0,8:0,10:0,12:0,13:0,10:0,
2025-01-07T14:50:24.636678,-2:4,0:4,1:4,5:0,9:0,12:0,9:0,8:0,-3:4,2:4,2:4,5:0,10:0,11:0,8:4,6:4,-5:4,-3:4,-1:4,4:0,6:0,9:0,11:0,6:4,-5:4,-2:4,1:4,4:4,7:0,10:0,8:4,11:0,-8:4,-4:4,5:0,2:4,4:4,9:0,9:0,8:4,-2:4,0:4,1:4,3:4,9:0,9:0,12:0,8:4,-5:4,5:0,3:4,3:4,8:0,10:0,14:0,11:0,-2:4,4:0,6:0,8:0,10:0,11:0,13:0,10:0,
2025-01-07T14:50:24.736836,-1:4,1:4,2:4,6:0,10:0,13:0,11:0,8:0,-2:4,2:4,2:4,5:0,10:0,11:0,8:4,6:4,-4:4,-3:4,0:4,4:0,6:0,10:0,10:0,8:4,-4:4,-2:4,1:4,4:4,7:0,11:0,9:0,11:0,-7:4,-3:4,5:0,2:4,5:4,10:0,10:0,9:4,-2:4,1:4,1:4,3:4,10:0,9:0,12:0,9:4,-4:4,5:0,3:4,4:0,9:0,11:0,13:0,12:0,-2:4,3:0,7:0,8:0,10:0,11:0,14:0,11:0,
2025-01-07T14:50:24.836110,-2:4,1:4,1:4,6:0,10:0,13:0,9:0,8:0,-2:4,2:4,1:4,5:0,10:0,9:0,8:4,6:4,-5:4,-3:4,-1:4,4:4,6:0,9:0,10:0,6:4,-5:4,-3:4,1:4,4:4,7:0,10:0,8:0,11:0,-8:4,-3:4,5:0,2:4,5:0,9:0,9:0,8:4,-2:4,1:4,1:4,2:4,9:0,8:0,10:0,7:4,-5:4,5:0,3:4,3:4,7:0,10:0,14:0,10:0,-2:4,3:4,7:0,7:0,9:0,11:0,13:0,10:0,
2025-01-07T14:50:24.935595,-2:4,1:4,2:4,6:0,10:0,13:0,11:0,8:0,-2:4,2:4,2:4,5:0,10:0,10:0,8:4,6:4,-4:4,-3:4,0:4,4:0,6:0,10:0,10:0,7:4,-5:4,-2:4,1:4,4:4,8:0,10:0,9:0,10:0,-8:4,-3:4,5:0,2:4,6:0,9:0,9:0,9:4,-2:4,1:4,1:4,3:4,10:0,10:0,12:0,8:4,-1:4,5:0,3:4,4:0,9:0,10:0,13:0,11:0,-2:4,3:4,7:0,8:0,10:0,11:0,14:0,11:0,
2025-01-07T14:50:25.034575,-2:4,1:4,1:4,6:0,9:0,12:0,10:0,8:0,-2:4,1:4,2:4,5:0,10:0,9:0,7:4,6:4,-5:4,-3:4,-1:4,4:4,5:0,9:0,10:0,7:4,-6:4,-3:4,1:4,3:4,7:0,10:0,9:0,9:0,-8:4,-3:4,4:0,1:4,5:4,9:0,8:0,7:4,-2:4,1:4,1:4,3:4,9:0,9:0,11:0,8:4,-4:4,5:0,3:4,3:4,8:0,9:0,14:0,12:0,-3:4,2:4,6:0,8:0,10:0,11:0,12:0,10:0,
2025-01-07T14:50:25.135822,-2:4,1:4,1:4,6:0,10:0,12:0,11:0,9:0,-2:4,2:4,2:4,5:0,10:0,11:0,9:4,7:4,-4:4,-3:4,0:4,4:4,6:0,10:0,11:0,6:4,-5:4,-2:4,2:4,4:4,8:0,10:0,9:0,12:0,-8:4,-3:4,5:0,1:4,5:4,9:0,9:0,8:4,-2:4,1:4,1:4,3:4,9:0,9:0,11:0,8:4,-1:4,5:0,3:4,4:0,8:0,11:0,14:0,12:0,-1:4,3:4,7:0,8:0,10:0,11:0,14:0,10:0,
2025-01-07T14:50:25.235585,-3:4,1:4,2:4,6:0,10:0,12:0,10:0,8:0,-2:4,1:4,1:4,5:0,10:0,10:0,8:4,5:4,-4:4,-4:4,-1:4,3:4,6:0,9:0,10:0,6:4,-6:4,-3:4,1:4,4:4,7:0,10:0,9:0,11:0,-8:4,-4:4,5:0,1:4,4:4,8:0,10:0,8:4,-2:4,1:4,1:4,3:4,9:0,9:0,11:0,7:4,-4:4,4:0,2:4,4:4,9:0,10:0,12:0,11:0,-2:4,2:4,6:0,8:0,9:0,11:0,14:0,11:0,
2025-01-07T14:50:25.333550,-3:4,1:4,2:4,6:0,10:0,13:0,10:0,8:0,-2:4,2:4,2:4,6:0,10:0,10:0,9:4,7:4,-4:4,-3:4,-1:4,4:0,6:0,10:0,10:0,7:4,-6:4,-2:4,2:4,4:0,8:0,11:0,8:0,11:0,-8:4,-3:4,5:0,1:4,5:4,9:0,9:0,8:4,-2:4,1:4,1:4,3:4,9:0,9:0,12:0,8:4,-4:4,5:0,3:4,4:0,9:0,10:0,14:0,12:0,-1:4,3:4,7:0,8:0,10:0,12:0,13:0,10:0,
2025-01-07T14:50:25.433524,-3:4,1:4,1:4,6:0,10:0,13:0,9:0,7:4,-2:4,1:4,2:4,5:0,10:0,10:0,8:4,7:4,-4:4,-4:4,0:4,3:4,6:0,9:0,9:0,7:4,-6:4,-3:4,1:4,3:4,7:0,10:0,8:0,10:0,-9:4,-3:4,4:0,1:4,4:4,9:0,8:0,8:4,-2:4,0:4,1:4,2:4,9:0,9:0,11:0,7:4,-4:4,4:0,3:4,4:0,8:0,10:0,14:0,11:0,-2:4,2:4,7:0,8:0,9:0,11:0,13:0,11:0,
2025-01-07T14:50:25.534387,-2:4,1:4,2:4,6:0,10:0,13:0,10:0,8:0,-2:4,2:4,2:4,5:0,10:0,10:0,9:0,6:4,-3:4,-3:4,0:4,4:0,6:0,10:0,10:0,7:4,-5:4,-3:4,2:4,4:4,8:0,10:0,8:4,10:0,-9:4,-2:4,5:0,2:4,6:0,9:0,10:0,8:4,-2:4,1:4,2:4,3:4,10:0,10:0,10:0,9:0,-4:4,5:0,2:4,4:0,8:0,11:0,15:0,11:0,0:4,3:4,7:0,8:0,10:0,11:0,15:0,11:0,
2025-01-07T14:50:25.632409,-3:4,1:4,1:4,6:0,9:0,13:0,10:0,9:0,-2:4,2:4,1:4,4:0,10:0,10:0,8:4,6:4,-4:4,-4:4,-1:4,3:4,6:0,9:0,9:0,5:4,-6:4,-3:4,1:4,4:4,8:0,9:0,8:0,11:0,-9:4,-4:4,5:0,1:4,4:4,8:0,9:0,7:4,-2:4,0:4,1:4,2:4,9:0,9:0,11:0,8:4,-4:4,4:0,2:4,4:4,9:0,9:0,13:0,11:0,-2:4,2:4,7:0,8:0,9:0,11:0,14:0,9:0,
2025-01-07T14:50:25.750953,-2:4,2:4,1:4,6:0,9:0,12:0,11:0,10:0,-2:4,2:4,2:4,5:0,10:0,10:0,9:0,8:4,-3:4,-3:4,0:4,3:4,6:0,10:0,11:0,6:4,-5:4,-3:4,2:4,4:0,9:0,10:0,9:0,11:0,-8:4,-3:4,5:0,1:4,5:4,10:0,9:0,8:4,-2:4,1:4,1:4,3:4,9:0,10:0,12:0,8:4,-4:4,4:0,3:4,4:0,10:0,11:0,14:0,12:0,0:4,3:4,8:0,8:0,10:0,11:0,14:0,10:0,
2025-01-07T14:50:25.845854,-2:4,2:4,1:4,5:0,9:0,13:0,9:0,8:0,-3:4,1:4,1:4,5:0,10:0,10:0,8:4,6:4,-4:4,-4:4,0:4,3:4,6:0,9:0,9:0,7:4,-6:4,-4:4,1:4,4:4,8:0,10:0,9:0,9:0,-9:4,-4:4,5:0,1:4,4:4,9:0,9:0,8:4,-2:4,0:4,1:4,2:4,9:0,9:0,11:0,7:4,-4:4,3:4,2:4,4:4,9:0,11:0,13:0,10:0,-2:4,2:4,7:0,8:0,10:0,10:0,13:0,9:0,
2025-01-07T14:50:25.932005,-3:4,2:4,1:4,6:0,10:0,13:0,11:0,8:0,-2:4,2:4,2:4,5:0,10:0,10:0,8:4,7:4,-3:4,-4:4,0:4,3:4,7:0,10:0,10:0,7:4,-5:4,-3:4,2:4,4:0,9:0,10:0,8:4,11:0,-8:4,-3:4,5:0,2:4,5:4,10:0,9:0,8:4,-2:4,2:4,1:4,3:4,9:0,10:0,11:0,9:4,-4:4,4:0,2:4,4:0,9:0,11:0,14:0,10:0,-1:4,2:4,7:0,8:0,9:0,11:0,14:0,10:0,
2025-01-07T14:50:26.046959,-3:4,2:4,1:4,5:0,10:0,11:0,10:0,8:0,-3:4,2:4,1:4,5:0,9:0,10:0,8:4,6:4,-3:4,-4:4,0:4,3:4,6:0,9:0,9:0,6:4,-5:4,-3:4,2:4,4:4,8:0,10:0,8:4,11:0,-8:4,-4:4,4:0,1:4,4:4,9:0,9:0,8:4,-2:4,1:4,0:4,2:4,9:0,8:0,11:0,8:4,-4:4,4:0,2:4,4:0,8:0,10:0,13:0,10:0,-2:4,2:4,7:0,8:0,9:0,11:0,14:0,9:0,
2025-01-07T14:50:26.129443,-2:4,2:4,1:4,6:0,10:0,13:0,12:0,9:0,-2:4,2:4,2:4,5:0,10:0,11:0,9:0,6:4,-3:4,-3:4,0:4,3:4,6:0,10:0,9:0,6:4,-5:4,-3:4,3:4,4:0,8:0,11:0,9:0,11:0,-9:4,-3:4,5:0,2:4,5:4,9:0,10:0,8:4,-2:4,2:4,1:4,2:4,9:0,9:0,11:0,8:4,-4:4,4:0,3:4,5:0,9:0,11:0,13:0,11:0,-2:4,2:4,7:0,8:0,10:0,12:0,14:0,10:0,
2025-01-07T14:50:26.228861,-3:4,1:4,1:4,5:0,10:0,12:0,9:0,7:4,-3:4,2:4,1:4,5:0,10:0,9:0,8:4,7:4,-3:4,-4:4,0:4,3:4,5:0,10:0,10:0,6:4,-6:4,-4:4,2:4,4:4,8:0,10:0,9:0,10:0,-9:4,-4:4,5:0,1:4,4:4,8:0,9:0,7:4,-2:4,1:4,0:4,2:4,9:0,9:0,11:0,8:4,-4:4,3:4,2:4,4:4,8:0,10:0,14:0,11:0,-2:4,2:4,7:0,8:0,10:0,11:0,14:0,10:0,
2025-01-07T14:50:26.329285,-2:4,2:4,2:4,6:0,10:0,12:0,10:0,7:4,-2:4,2:4,2:4,5:0,10:0,11:0,8:4,6:4,-3:4,-4:4,0:4,4:4,7:0,10:0,9:0,7:4,-5:4,-3:4,3:4,4:4,8:0,10:0,10:0,11:0,-8:4,-3:4,5:0,2:4,5:0,8:0,9:0,8:4,-2:4,2:4,1:4,3:4,10:0,9:0,12:0,8:4,-4:4,3:4,2:4,4:0,9:0,11:0,14:0,11:0,-2:4,2:4,7:0,9:0,10:0,12:0,14:0,11:0,
2025-01-07T14:50:26.428459,-3:4,1:4,2:4,5:0,10:0,12:0,10:0,8:0,-3:4,2:4,1:4,5:0,10:0,9:0,8:4,5:4,-3:4,-4:4,0:4,3:4,6:0,10:0,10:0,7:4,-6:4,-3:4,2:4,4:4,8:0,10:0,9:0,10:0,-9:4,-4:4,5:0,1:4,4:4,8:0,8:0,7:4,-2:4,1:4,-1:4,2:4,9:0,9:0,11:0,8:4,-5:4,3:4,2:4,4:4,9:0,10:0,13:0,11:0,-2:4,2:4,6:0,8:0,9:0,11:0,13:0,10:0,
2025-01-07T14:50:26.530789,-2:4,2:4,2:4,6:0,10:0,13:0,11:0,9:0,-2:4,2:4,2:4,5:0,10:0,10:0,9:0,6:4,-3:4,-4:4,0:4,4:4,6:0,10:0,11:0,7:4,-5:4,-3:4,2:4,4:0,8:0,10:0,9:0,11:0,-8:4,-3:4,5:0,1:4,5:0,9:0,9:0,10:0,-2:4,2:4,1:4,2:4,10:0,10:0,11:0,8:4,-4:4,4:0,2:4,4:0,9:0,11:0,14:0,10:0,-2:4,3:4,8:0,9:0,10:0,11:0,14:0,12:0,
2025-01-07T14:50:26.626469,-3:4,1:4,1:4,6:0,10:0,12:0,9:0,9:0,-3:4,2:4,1:4,5:0,9:0,9:0,8:4,6:4,-3:4,-4:4,0:4,3:4,6:0,9:0,11:0,7:4,-6:4,-3:4,2:4,4:4,8:0,10:0,9:0,10:0,-9:4,-4:4,4:0,1:4,4:4,9:0,9:0,8:4,-2:4,1:4,0:4,2:4,9:0,9:0,12:0,7:4,-4:4,4:0,2:4,4:4,8:0,11:0,14:0,13:0,-2:4,1:4,7:0,8:0,10:0,10:0,14:0,10:0,
2025-01-07T14:50:26.732930,-2:4,2:4,2:4,6:0,10:0,13:0,10:0,8:0,-2:4,2:4,2:4,5:0,10:0,10:0,8:4,7:4,-2:4,-4:4,0:4,3:4,7:0,10:0,11:0,6:4,-5:4,-3:4,3:4,4:0,9:0,10:0,9:0,11:0,-8:4,-3:4,5:0,2:4,5:4,9:0,9:0,8:4,-2:4,1:4,1:4,2:4,10:0,9:0,12:0,8:4,-4:4,4:0,3:4,4:0,9:0,11:0,13:0,11:0,-1:4,2:4,7:0,8:0,10:0,12:0,14:0,11:0,
2025-01-07T14:50:26.831811,-3:4,2:4,1:4,6:0,9:0,12:0,10:0,7:4,-2:4,1:4,1:4,5:0,10:0,10:0,8:4,5:4,-3:4,-4:4,0:4,3:4,6:0,9:0,10:0,6:4,-6:4,-3:4,2:4,4:4,7:0,10:0,9:0,9:4,-9:4,-4:4,4:0,1:4,5:0,8:0,9:0,8:4,-2:4,1:4,0:4,2:4,9:0,9:0,11:0,7:4,-4:4,3:4,2:4,4:0,9:0,10:0,14:0,10:0,-2:4,1:4,6:0,8:0,9:0,10:0,14:0,9:0,
2025-01-07T14:50:26.932970,-2:4,2:4,2:4,6:0,10:0,13:0,11:0,7:4,-2:4,2:4,2:4,6:0,10:0,10:0,9:4,7:4,-3:4,-4:4,0:4,4:0,7:0,10:0,10:0,7:4,-5:4,-3:4,2:4,4:4,9:0,10:0,9:0,11:0,-8:4,-3:4,5:0,1:4,5:0,9:0,9:0,8:4,-2:4,2:4,1:4,3:4,10:0,9:0,12:0,9:4,-4:4,4:0,2:4,4:0,9:0,11:0,14:0,12:0,-2:4,2:4,7:0,8:0,10:0,12:0,14:0,11:0,
2025-01-07T14:50:27.048666,-3:4,2:4,1:4,6:0,10:0,13:0,10:0,9:0,-3:4,1:4,1:4,6:0,10:0,9:0,9:0,6:4,-4:4,-4:4,-1:4,3:4,6:0,9:0,9:0,6:4,-6:4,-3:4,2:4,4:4,8:0,10:0,8:0,9:4,-9:4,-4:4,4:4,1:4,4:4,8:0,8:0,8:4,-3:4,2:4,-1:4,2:4,9:0,9:0,11:0,8:4,-4:4,3:4,2:4,4:0,9:0,11:0,14:0,10:0,0:4,1:4,7:0,8:0,9:0,12:0,12:0,8:0,
2025-01-07T14:50:27.126661,-3:4,2:4,2:4,6:0,10:0,14:0,10:0,9:0,-2:4,2:4,2:4,6:0,10:0,10:0,9:4,6:4,-3:4,-4:4,0:4,4:4,6:0,9:0,9:0,6:4,-5:4,-3:4,3:4,4:4,9:0,11:0,9:0,10:0,-8:4,-3:4,4:0,2:4,5:0,9:0,10:0,7:4,-2:4,2:4,0:4,3:4,10:0,9:0,11:0,8:4,-4:4,3:4,3:4,4:0,9:0,11:0,14:0,11:0,1:4,1:4,7:0,9:0,10:0,12:0,13:0,10:0,
2025-01-07T14:50:27.240219,-3:4,2:4,1:4,5:0,9:0,13:0,11:0,8:0,-3:4,1:4,1:4,5:0,10:0,10:0,9:0,5:4,-3:4,-4:4,-1:4,3:4,5:0,10:0,9:0,7:4,-6:4,-3:4,3:4,3:4,9:0,10:0,8:0,11:0,-9:4,-4:4,4:4,2:4,4:4,9:0,8:4,8:4,-3:4,2:4,-2:4,2:4,9:0,9:0,10:0,7:4,-4:4,3:4,2:4,4:0,8:0,10:0,14:0,11:0,1:4,1:4,7:0,8:0,10:0,11:0,14:0,10:0,
2025-01-07T14:50:27.328355,-3:4,1:4,1:4,6:0,10:0,12:0,11:0,8:0,-2:4,3:4,2:4,6:0,10:0,11:0,9:0,5:4,-3:4,-4:4,0:4,3:4,6:0,10:0,11:0,7:4,-5:4,-3:4,3:4,4:4,9:0,10:0,9:0,11:0,-9:4,-3:4,4:0,2:4,5:4,9:0,10:0,8:4,-3:4,3:4,1:4,4:4,9:0,8:0,13:0,9:4,-4:4,4:0,3:4,4:0,9:0,11:0,13:0,11:0,1:4,2:4,7:0,9:0,10:0,12:0,15:0,11:0,
2025-01-07T14:50:27.428039,-3:4,1:4,1:4,5:0,9:0,12:0,10:0,8:0,-3:4,2:4,1:4,5:0,9:0,10:0,9:4,6:4,-3:4,-5:4,0:4,3:4,6:0,9:0,9:0,6:4,-6:4,-3:4,3:4,3:4,8:0,10:0,8:0,10:0,-9:4,-4:4,3:4,2:4,4:4,8:0,9:0,8:4,-3:4,3:4,-1:4,3:4,9:0,8:0,11:0,8:4,-5:4,4:0,2:4,4:4,9:0,10:0,13:0,11:0,1:4,2:4,6:0,8:0,9:0,11:0,13:0,10:0,
2025-01-07T14:50:27.531822,-3:4,2:4,1:4,6:0,10:0,13:0,11:0,8:0,-3:4,2:4,2:4,6:0,10:0,11:0,9:0,6:4,-3:4,-4:4,0:4,4:4,6:0,11:0,9:0,7:4,-6:4,-3:4,3:4,4:4,8:0,11:0,10:0,11:0,-8:4,-3:4,4:4,2:4,5:4,9:0,9:0,8:4,-2:4,3:4,1:4,3:4,9:0,10:0,11:0,8:4,-4:4,4:0,2:4,4:0,9:0,11:0,14:0,12:0,1:4,1:4,7:0,9:0,9:0,11:0,14:0,11:0,
2025-01-07T14:50:27.622384,-3:4,1:4,1:4,6:0,10:0,12:0,11:0,8:0,-3:4,2:4,2:4,5:0,9:0,10:0,8:4,5:4,-4:4,-4:4,0:4,3:4,6:0,9:0,9:0,7:4,-6:4,-3:4,3:4,4:4,8:0,11:0,8:0,11:0,-9:4,-4:4,3:4,2:4,4:4,8:0,8:4,8:4,-3:4,3:4,-2:4,3:4,9:0,9:0,11:0,7:4,-5:4,4:0,2:4,4:0,9:0,11:0,13:0,11:0,1:4,1:4,7:0,8:0,9:0,11:0,14:0,10:0,
2025-01-07T14:50:27.722783,-3:4,2:4,1:4,6:0,10:0,13:0,11:0,8:0,-3:4,3:4,2:4,6:0,10:0,11:0,9:0,6:4,-3:4,-4:4,0:4,3:4,6:0,10:0,10:0,7:4,-6:4,-3:4,3:4,5:0,9:0,10:0,8:0,12:0,-8:4,-3:4,4:0,2:4,5:4,10:0,10:0,8:4,-2:4,3:4,-2:4,3:4,9:0,10:0,12:0,8:4,-4:4,4:0,2:4,5:0,9:0,11:0,14:0,11:0,1:4,2:4,7:0,9:0,10:0,11:0,14:0,10:0,
2025-01-07T14:50:27.820613,-3:4,1:4,1:4,6:0,10:0,13:0,10:0,9:0,-3:4,2:4,1:4,6:0,10:0,10:0,9:0,7:4,-4:4,-4:4,-1:4,3:4,6:0,10:0,9:0,6:4,-6:4,-3:4,3:4,4:4,8:0,10:0,8:0,9:0,-9:4,-4:4,3:4,2:4,5:4,9:0,9:0,7:4,-2:4,2:4,-2:4,3:4,8:0,9:0,11:0,8:4,-5:4,3:4,2:4,4:0,8:0,10:0,13:0,10:0,1:4,1:4,6:0,8:0,9:0,11:0,14:0,10:0,
2025-01-07T14:50:27.920684,-3:4,2:4,2:4,6:0,10:0,12:0,10:0,7:4,-3:4,3:0,2:4,6:0,10:0,10:0,9:4,5:4,-3:4,-4:4,0:4,4:0,7:0,10:0,10:0,7:4,-5:4,-3:4,3:4,4:0,8:0,11:0,9:0,10:0,-8:4,-3:4,4:0,2:4,5:4,10:0,10:0,9:4,-2:4,3:4,-1:4,3:4,9:0,9:0,11:0,7:4,-4:4,4:0,2:4,4:0,9:0,11:0,14:0,11:0,1:4,2:4,7:0,8:0,9:0,12:0,14:0,10:0,
2025-01-07T14:50:28.020035,-3:4,1:4,1:4,5:0,10:0,12:0,10:0,9:0,-3:4,2:4,1:4,5:0,9:0,10:0,9:4,6:4,-3:4,-4:4,0:4,3:4,6:0,10:0,9:0,6:4,-7:4,-3:4,3:4,4:4,9:0,10:0,9:0,11:0,-9:4,-4:4,3:4,2:4,4:4,8:0,8:0,8:4,-2:4,2:4,-2:4,3:4,9:0,8:0,11:0,7:4,-4:4,4:0,2:4,4:4,10:0,10:0,12:0,12:0,1:4,1:4,6:0,8:0,9:0,11:0,13:0,10:0,
2025-01-07T14:50:28.128197,-3:4,2:4,2:4,6:0,10:0,12:0,11:0,9:0,-3:4,3:4,2:4,6:0,10:0,11:0,8:4,7:4,-3:4,-4:4,0:4,3:4,6:0,10:0,9:0,6:4,-5:4,-3:4,3:4,4:4,8:0,10:0,9:0,10:0,-9:4,-3:4,4:0,2:4,5:4,9:0,10:0,8:4,-2:4,3:4,0:4,3:4,10:0,9:0,11:0,8:4,-4:4,4:0,3:4,4:0,10:0,11:0,13:0,11:0,1:4,2:4,7:0,8:0,10:0,11:0,14:0,11:0,
